Date,Open,High,Low,Close,Volume,Adj Close
2017-01-24,7.73,7.99,7.66,7.79,2088600,7.79
2017-01-23,7.65,7.80,7.55,7.71,1016700,7.71
2017-01-20,7.54,7.69,7.45,7.65,3717000,7.65
2017-01-19,7.65,7.68,7.50,7.52,1138500,7.52
2017-01-18,7.95,7.99,7.62,7.75,464200,7.75
2017-01-17,7.92,8.10,7.80,7.90,488200,7.90
2017-01-16,7.99,8.00,7.81,7.91,267700,7.91
2017-01-13,8.04,8.05,7.87,7.99,214800,7.99
2017-01-12,7.93,8.05,7.93,8.04,841900,8.04
2017-01-11,7.89,7.89,7.69,7.80,195400,7.80
2017-01-10,7.91,7.93,7.78,7.79,272100,7.79
2017-01-09,8.00,8.00,7.62,7.91,451400,7.91
2017-01-06,8.06,8.11,7.90,7.97,260700,7.97
2017-01-05,8.02,8.18,8.01,8.05,606100,8.05
2017-01-04,7.70,8.11,7.63,8.00,1500800,8.00
2017-01-03,7.55,7.77,7.50,7.67,1176700,7.67
2017-01-02,7.51,7.65,7.47,7.47,138100,7.47
2016-12-30,7.50,7.50,7.50,7.50,000,7.50
2016-12-29,7.48,7.51,7.40,7.50,638800,7.50
2016-12-28,7.56,7.60,7.45,7.46,160200,7.46
2016-12-27,7.73,7.73,7.55,7.55,239200,7.55
2016-12-26,7.67,7.72,7.58,7.72,139700,7.72
2016-12-23,7.56,7.62,7.48,7.62,159100,7.62
2016-12-22,7.53,7.57,7.44,7.52,237200,7.52
2016-12-21,7.53,7.53,7.53,7.53,306800,7.53
2016-12-20,7.67,7.68,7.45,7.51,463900,7.51
2016-12-19,7.59,7.69,7.48,7.61,403300,7.61
2016-12-16,7.46,7.80,7.41,7.55,768500,7.55
2016-12-15,7.50,7.51,7.40,7.40,215600,7.40
2016-12-14,7.64,7.70,7.45,7.53,636700,7.53
2016-12-13,7.60,7.87,7.53,7.60,695200,7.60
2016-12-12,7.74,7.83,7.60,7.60,538100,7.60
2016-12-09,7.80,8.00,7.67,7.73,365500,7.73
2016-12-08,7.93,8.22,7.65,7.75,839900,7.75
2016-12-07,7.79,7.97,7.71,7.86,261200,7.86
2016-12-06,7.60,7.78,7.55,7.68,154200,7.68
2016-12-05,7.66,7.71,7.51,7.64,395100,7.64
2016-12-02,7.69,7.69,7.47,7.60,795800,7.60
2016-12-01,7.90,7.90,7.65,7.68,642200,7.68
2016-11-30,7.75,8.13,7.71,7.90,874500,7.90
2016-11-29,7.74,7.86,7.68,7.72,186500,7.72
2016-11-28,7.68,7.85,7.61,7.80,195100,7.80
2016-11-25,7.70,7.74,7.60,7.72,680200,7.72
2016-11-24,7.83,7.83,7.61,7.70,338800,7.70
2016-11-23,7.60,7.84,7.50,7.80,2401300,7.80
2016-11-22,7.69,8.10,7.51,7.61,1316800,7.61
2016-11-21,7.75,7.78,7.61,7.68,691900,7.68
2016-11-18,7.65,7.70,7.54,7.68,593900,7.68
2016-11-17,7.93,7.93,7.59,7.65,1318000,7.65
2016-11-16,7.63,7.90,7.47,7.90,416800,7.90
2016-11-15,7.56,7.56,7.56,7.56,000,7.56
2016-11-14,7.80,7.80,7.51,7.56,538800,7.56
2016-11-11,8.25,8.25,7.80,7.80,955300,7.80
2016-11-10,8.96,8.98,8.14,8.25,591100,8.25
2016-11-09,8.91,9.12,8.69,8.93,442100,8.93
2016-11-08,8.77,9.20,8.71,9.20,1096500,9.20
2016-11-07,8.63,8.75,8.57,8.75,400400,8.75
2016-11-04,8.45,8.56,8.41,8.54,241000,8.54
2016-11-03,8.60,8.60,8.41,8.41,253500,8.41
2016-11-02,8.58,8.58,8.58,8.58,000,8.58
2016-11-01,8.54,8.62,8.52,8.58,433300,8.58
2016-10-31,8.58,8.59,8.46,8.59,305600,8.59
2016-10-28,8.60,8.60,8.45,8.54,248600,8.54
2016-10-27,8.71,8.72,8.51,8.57,262300,8.57
2016-10-26,8.53,8.75,8.46,8.67,415000,8.67
2016-10-25,8.63,8.63,8.51,8.53,189800,8.53
2016-10-24,8.59,8.69,8.57,8.62,335500,8.62
2016-10-21,8.56,8.61,8.53,8.54,151200,8.54
2016-10-20,8.65,8.65,8.54,8.56,217600,8.56
2016-10-19,8.53,8.70,8.48,8.65,304700,8.65
2016-10-18,8.55,8.55,8.42,8.53,596500,8.53
2016-10-17,8.51,8.54,8.35,8.50,393800,8.50
2016-10-14,8.61,8.61,8.45,8.51,328600,8.51
2016-10-13,8.55,8.58,8.41,8.54,438200,8.54
2016-10-12,8.55,8.55,8.55,8.55,000,8.55
2016-10-11,8.59,8.64,8.49,8.55,390200,8.55
2016-10-10,8.58,8.72,8.53,8.55,411300,8.55
2016-10-07,8.49,8.58,8.49,8.54,191600,8.54
2016-10-06,8.58,8.58,8.38,8.50,292400,8.50
2016-10-05,8.53,8.53,8.42,8.53,144400,8.53
2016-10-04,8.55,8.55,8.36,8.45,213900,8.45
2016-10-03,8.54,8.55,8.34,8.45,559100,8.45
2016-09-30,8.36,8.56,8.22,8.55,413500,8.55
2016-09-29,8.15,8.47,8.15,8.27,1158800,8.27
2016-09-28,8.29,8.29,8.03,8.13,481100,8.13
2016-09-27,8.35,8.35,8.13,8.22,481000,8.22
2016-09-26,8.37,8.42,8.26,8.32,322800,8.32
2016-09-23,8.45,8.54,8.34,8.46,379600,8.46
2016-09-22,8.66,8.85,8.47,8.51,431900,8.51
2016-09-21,8.42,8.67,8.42,8.57,422700,8.57
2016-09-20,8.55,8.55,8.38,8.46,211500,8.46
2016-09-19,8.45,8.55,8.42,8.48,244500,8.48
2016-09-16,8.65,8.65,8.32,8.32,533600,8.32
2016-09-15,8.56,8.61,8.46,8.55,309900,8.55
2016-09-14,8.60,8.60,8.43,8.47,149400,8.47
2016-09-13,8.43,8.50,8.39,8.50,270300,8.50
2016-09-12,8.50,8.69,8.37,8.54,2232400,8.54
2016-09-09,8.60,8.65,8.43,8.51,360000,8.51
2016-09-08,8.60,8.67,8.46,8.65,324400,8.65
2016-09-07,8.66,8.66,8.66,8.66,000,8.66
2016-09-06,8.77,8.78,8.46,8.66,516600,8.66
2016-09-05,8.79,8.96,8.68,8.79,118800,8.79
2016-09-02,8.88,8.88,8.68,8.78,253200,8.78
2016-09-01,8.37,8.90,8.37,8.90,279200,8.90
2016-08-31,8.57,8.57,8.37,8.45,338100,8.45
2016-08-30,8.42,8.65,8.23,8.47,263400,8.47
2016-08-29,8.60,8.60,8.15,8.37,1471100,8.37
2016-08-26,8.57,8.61,8.48,8.60,100200,8.60
2016-08-25,8.56,8.59,8.43,8.54,145600,8.54
2016-08-24,8.62,8.75,8.48,8.59,198800,8.59
2016-08-23,9.09,9.09,8.69,8.69,386900,8.69
2016-08-22,8.89,8.98,8.74,8.98,294700,8.98
2016-08-19,8.97,8.97,8.83,8.88,77200,8.88
2016-08-18,8.87,8.99,8.79,8.94,94100,8.94
2016-08-17,8.97,8.97,8.78,8.90,111100,8.90
2016-08-16,9.05,9.05,8.90,8.97,87500,8.97
2016-08-15,9.01,9.16,8.98,9.04,69600,9.04
2016-08-12,9.05,9.05,8.80,8.99,250500,8.99
2016-08-11,9.10,9.11,8.90,9.05,148600,9.05
2016-08-10,9.14,9.14,8.94,8.99,107300,8.99
2016-08-09,9.11,9.11,9.00,9.10,98700,9.10
2016-08-08,9.29,9.32,8.94,9.07,334000,9.07
2016-08-05,9.25,9.35,9.11,9.19,332100,9.19
2016-08-04,9.12,9.24,9.02,9.15,229500,9.15
2016-08-03,9.20,9.20,9.06,9.06,140700,9.06
2016-08-02,9.05,9.18,8.89,9.15,267200,9.15
2016-08-01,9.06,9.24,9.01,9.09,393200,9.09
2016-07-29,8.99,9.09,8.84,9.02,547200,9.02
2016-07-28,8.90,9.15,8.75,8.94,347300,8.94
2016-07-27,8.81,8.94,8.71,8.85,573600,8.85
2016-07-26,9.04,9.09,8.67,8.85,700400,8.85
2016-07-25,9.20,9.23,8.87,9.09,957500,9.09
2016-07-22,8.61,9.35,8.61,9.10,1831100,9.10
2016-07-21,8.45,8.57,8.35,8.55,587800,8.55
2016-07-20,8.00,8.42,7.95,8.42,645000,8.42
2016-07-19,7.73,8.16,7.67,7.98,611600,7.98
2016-07-18,7.58,7.74,7.51,7.74,334700,7.74
2016-07-15,7.41,7.54,7.40,7.54,152100,7.54
2016-07-14,7.53,7.57,7.37,7.45,231400,7.45
2016-07-13,7.59,7.60,7.48,7.51,133600,7.51
2016-07-12,7.56,7.70,7.49,7.56,426900,7.56
2016-07-11,7.52,7.66,7.40,7.55,373300,7.55
2016-07-08,7.48,7.57,7.36,7.47,376700,7.47
2016-07-07,7.43,7.60,7.43,7.48,155600,7.48
2016-07-06,7.55,7.59,7.32,7.45,266600,7.45
2016-07-05,7.61,7.65,7.45,7.54,373700,7.54
2016-07-04,7.61,7.73,7.61,7.61,129200,7.61
2016-07-01,7.48,7.76,7.48,7.60,497800,7.60
2016-06-30,7.55,7.73,7.49,7.50,702600,7.50
2016-06-29,8.00,8.04,7.64,7.64,1148600,7.64
2016-06-28,8.07,8.10,7.92,7.95,871700,7.95
2016-06-27,8.14,8.15,7.94,8.05,428100,8.05
2016-06-24,8.00,8.17,7.90,8.15,816400,8.15
2016-06-23,8.17,8.30,8.14,8.27,461500,8.27
2016-06-22,8.14,8.27,8.11,8.24,495300,8.24
2016-06-21,8.02,8.20,8.02,8.20,300100,8.20
2016-06-20,8.09,8.16,7.95,8.09,388200,8.09
2016-06-17,8.10,8.15,7.93,8.00,1171700,8.00
2016-06-16,7.95,8.14,7.77,8.11,806600,8.11
2016-06-15,8.43,8.43,7.90,7.97,1142600,7.97
2016-06-14,7.96,8.43,7.87,8.43,1353200,8.43
2016-06-13,8.21,8.21,7.93,7.97,641300,7.97
2016-06-10,8.17,8.47,8.17,8.22,2917200,8.22
2016-06-09,8.20,8.28,8.14,8.21,654100,8.21
2016-06-08,8.13,8.25,8.11,8.24,1363200,8.24
2016-06-07,8.09,8.25,8.06,8.15,537500,8.15
2016-06-06,8.16,8.24,8.03,8.14,567300,8.14
2016-06-03,8.02,8.20,8.00,8.20,311100,8.20
2016-06-02,8.06,8.11,7.96,8.03,323500,8.03
2016-06-01,8.15,8.16,8.01,8.10,3320800,8.10
2016-05-31,8.08,8.25,7.87,8.25,1675600,8.25
2016-05-30,8.20,8.20,8.02,8.10,510100,8.10
2016-05-27,8.29,8.31,8.12,8.16,410000,8.16
2016-05-26,8.29,8.29,8.29,8.29,000,8.29
2016-05-25,8.40,8.40,8.23,8.29,276300,8.29
2016-05-24,8.23,8.36,8.10,8.34,3840900,8.34
2016-05-23,8.17,8.30,8.00,8.20,2521600,8.20
2016-05-20,8.21,8.32,8.13,8.22,5113300,8.22
2016-05-19,8.30,8.32,8.15,8.20,2141600,8.20
2016-05-18,8.41,8.55,8.23,8.25,1354400,8.25
2016-05-17,8.82,8.90,8.35,8.41,839500,8.41
2016-05-16,9.08,9.08,8.79,8.85,785200,8.85
2016-05-13,8.99,9.10,8.74,9.09,1293500,9.09
2016-05-12,8.67,9.00,8.20,9.00,5087600,9.00
2016-05-11,9.34,9.34,8.14,8.54,3059600,8.54
2016-05-10,9.92,10.09,9.19,9.35,654000,9.35
2016-05-09,10.18,10.21,9.89,9.89,234400,9.89
2016-05-06,10.11,10.23,10.07,10.20,208900,10.20
2016-05-05,10.34,10.38,10.15,10.15,2388800,10.15
2016-05-04,10.20,10.28,10.18,10.28,1969900,10.28
2016-05-03,10.25,10.30,10.16,10.18,3747700,10.18
2016-05-02,10.40,10.40,10.11,10.19,1571900,10.19
2016-04-29,10.16,10.39,10.12,10.27,4831500,10.27
2016-04-28,10.19,10.20,10.10,10.20,868300,10.20
2016-04-27,10.00,10.21,9.95,10.14,3068800,10.14
2016-04-26,9.75,9.92,9.56,9.90,1852500,9.90
2016-04-25,8.99,9.08,8.95,8.97,669000,8.97
2016-04-22,8.92,9.03,8.85,9.00,885900,9.00
2016-04-21,8.97,8.97,8.97,8.97,000,8.97
2016-04-20,9.15,9.15,8.90,8.97,877100,8.97
2016-04-19,9.05,9.15,8.91,9.10,566500,9.10
2016-04-18,9.01,9.04,8.92,9.00,345300,9.00
2016-04-15,9.00,9.03,8.90,8.96,307300,8.96
2016-04-14,8.93,9.01,8.86,8.96,391100,8.96
2016-04-13,9.00,9.04,8.70,8.86,892500,8.86
2016-04-12,8.84,8.92,8.67,8.90,289300,8.90
2016-04-11,8.92,9.01,8.71,8.75,419800,8.75
2016-04-08,8.80,8.94,8.78,8.85,293600,8.85
2016-04-07,8.89,8.97,8.72,8.75,421800,8.75
2016-04-06,8.70,8.79,8.57,8.74,1461100,8.74
2016-04-05,8.62,8.77,8.55,8.67,1102800,8.67
2016-04-04,8.75,8.75,8.45,8.65,564700,8.65
2016-04-01,8.68,8.91,8.63,8.75,747400,8.75
2016-03-31,8.91,8.95,8.71,8.80,744400,8.80
2016-03-30,9.23,9.24,8.71,9.00,1615400,9.00
2016-03-29,9.24,9.35,9.12,9.22,337700,9.22
2016-03-28,9.45,9.58,9.07,9.22,960700,9.22
2016-03-25,8.95,8.95,8.95,8.95,000,8.95
2016-03-24,8.70,9.05,8.64,8.95,809300,8.95
2016-03-23,8.76,8.81,8.56,8.77,496900,8.77
2016-03-22,8.76,8.94,8.64,8.82,672300,8.82
2016-03-21,8.55,9.01,8.55,8.75,681200,8.75
2016-03-18,8.73,8.88,8.44,8.55,1340800,8.55
2016-03-17,8.59,9.00,8.51,8.70,1422000,8.70
2016-03-16,8.44,8.48,8.26,8.40,318300,8.40
2016-03-15,8.36,8.44,8.17,8.44,996300,8.44
2016-03-14,8.70,8.70,8.43,8.49,353200,8.49
2016-03-11,8.74,8.82,8.62,8.65,475700,8.65
2016-03-10,9.10,9.20,8.65,8.70,618000,8.70
2016-03-09,8.85,8.85,8.66,8.80,599900,8.80
2016-03-08,8.80,8.92,8.62,8.79,370600,8.79
2016-03-07,8.60,8.99,8.55,8.70,820900,8.70
2016-03-04,8.20,8.65,7.97,8.55,2978600,8.55
2016-03-03,7.80,8.18,7.80,8.10,682100,8.10
2016-03-02,7.92,7.95,7.73,7.75,2042400,7.75
2016-03-01,7.98,8.08,7.84,7.90,654700,7.90
2016-02-29,8.14,8.14,7.90,7.92,388100,7.92
2016-02-26,8.38,8.38,7.99,8.14,348900,8.14
2016-02-25,8.23,8.33,8.05,8.15,289400,8.15
2016-02-24,8.35,8.38,8.11,8.20,329300,8.20
2016-02-23,8.48,8.65,8.27,8.35,647000,8.35
2016-02-22,8.14,8.59,7.99,8.52,1114100,8.52
2016-02-19,8.00,8.26,7.95,8.08,524500,8.08
2016-02-18,7.88,8.03,7.83,7.97,146200,7.97
2016-02-17,7.89,8.02,7.80,7.98,247100,7.98
2016-02-16,8.10,8.13,7.85,7.92,253900,7.92
2016-02-15,7.80,8.16,7.80,8.00,661400,8.00
2016-02-12,8.11,8.22,7.73,7.86,1777800,7.86
2016-02-11,8.07,8.32,7.87,8.11,1211500,8.11
2016-02-10,7.96,8.05,7.82,8.01,456500,8.01
2016-02-09,8.00,8.00,8.00,8.00,000,8.00
2016-02-08,8.00,8.00,8.00,8.00,000,8.00
2016-02-05,7.92,8.26,7.78,8.00,1538200,8.00
2016-02-04,7.82,7.96,7.75,7.89,166000,7.89
2016-02-03,8.01,8.01,7.78,7.78,1322500,7.78
2016-02-02,8.09,8.15,7.97,7.97,217200,7.97
2016-02-01,8.19,8.19,8.03,8.19,291300,8.19
2016-01-29,7.84,8.15,7.83,8.15,369000,8.15
2016-01-28,7.96,8.00,7.70,7.90,325600,7.90
2016-01-27,7.50,7.90,7.50,7.90,247100,7.90
2016-01-26,7.65,7.66,7.49,7.58,5896200,7.58
2016-01-25,7.70,7.70,7.70,7.70,000,7.70
2016-01-22,7.91,7.91,7.70,7.70,4295900,7.70
2016-01-21,8.07,8.07,7.85,7.89,983000,7.89
2016-01-20,8.01,8.11,7.94,8.08,474600,8.08
2016-01-19,8.28,8.29,8.00,8.01,334000,8.01
2016-01-18,8.13,8.29,8.12,8.20,181200,8.20
2016-01-15,8.01,8.27,7.89,8.19,611900,8.19
2016-01-14,7.96,8.06,7.91,8.00,151700,8.00
2016-01-13,8.20,8.22,7.86,7.91,963900,7.91
2016-01-12,8.17,8.32,8.10,8.19,544800,8.19
2016-01-11,8.16,8.23,8.03,8.10,411600,8.10
2016-01-08,8.17,8.27,8.12,8.22,105800,8.22
2016-01-07,8.12,8.24,8.03,8.13,285400,8.13
2016-01-06,8.25,8.25,8.05,8.18,643900,8.18
2016-01-05,8.26,8.42,8.23,8.35,343500,8.35
2016-01-04,8.45,8.45,8.18,8.29,347200,8.29
2016-01-01,8.42,8.42,8.42,8.42,000,8.42
2015-12-31,8.42,8.42,8.42,8.42,000,8.42
2015-12-30,8.50,8.60,8.34,8.42,7475100,8.42
2015-12-29,8.08,8.58,8.08,8.49,652600,8.49
2015-12-28,8.27,8.27,8.07,8.10,268900,8.10
2015-12-25,8.33,8.33,8.33,8.33,000,8.33
2015-12-24,8.33,8.33,8.33,8.33,000,8.33
2015-12-23,8.00,8.33,7.96,8.33,485400,8.33
2015-12-22,7.90,8.04,7.89,7.94,327500,7.94
2015-12-21,8.15,8.15,7.75,7.95,683900,7.95
2015-12-18,8.33,8.33,7.96,8.03,928200,8.03
2015-12-17,8.51,8.69,8.39,8.39,768600,8.39
2015-12-16,8.54,8.64,8.39,8.44,708500,8.44
2015-12-15,8.69,8.77,8.52,8.60,1059600,8.60
2015-12-14,8.71,8.79,8.40,8.63,1214200,8.63
2015-12-11,8.90,8.95,8.48,8.65,2349600,8.65
2015-12-10,8.00,8.38,7.98,8.27,66313400,8.27
2015-12-09,7.75,8.42,7.75,8.29,2426700,8.29
2015-12-08,8.18,8.28,7.57,7.80,1715700,7.80
2015-12-07,8.12,8.44,8.10,8.18,577600,8.18
2015-12-04,8.60,8.60,8.10,8.20,994000,8.20
2015-12-03,8.56,8.82,8.22,8.75,4458200,8.75
2015-12-02,10.24,10.63,10.11,10.44,907800,8.43
2015-12-01,10.38,10.48,10.10,10.25,23220500,8.28
2015-11-30,10.45,10.45,9.95,10.45,3016300,8.44
2015-11-27,10.53,10.68,10.26,10.39,412500,8.39
2015-11-26,10.60,10.78,10.50,10.60,719200,8.56
2015-11-25,10.93,10.93,10.39,10.60,1373500,8.56
2015-11-24,11.23,11.34,10.97,11.01,1105000,8.89
2015-11-23,11.48,11.66,11.23,11.30,2917300,9.12
2015-11-20,11.50,11.50,11.50,11.50,000,9.29
2015-11-19,11.58,11.70,11.41,11.50,517500,9.29
2015-11-18,11.72,11.77,11.50,11.50,630100,9.29
2015-11-17,11.91,12.03,11.75,11.79,390900,9.52
2015-11-16,11.94,12.10,11.81,11.81,390600,9.54
2015-11-13,11.93,12.17,11.76,11.93,254000,9.63
2015-11-12,12.38,12.54,11.98,12.01,386300,9.70
2015-11-11,11.89,12.50,11.89,12.25,377000,9.89
2015-11-10,11.84,12.00,11.65,11.86,330600,9.58
2015-11-09,11.82,12.05,11.74,11.85,220500,9.57
2015-11-06,12.27,12.40,11.86,12.00,448700,9.69
2015-11-05,12.31,12.49,12.10,12.40,685800,10.01
2015-11-04,12.43,12.75,12.00,12.30,700500,9.93
2015-11-03,12.00,12.35,11.69,12.34,900000,9.96
2015-11-02,11.80,11.80,11.80,11.80,000,9.53
2015-10-30,11.99,12.04,11.69,11.80,1324100,9.53
2015-10-29,11.68,12.10,11.58,12.00,887600,9.69
2015-10-28,11.82,12.03,11.51,11.78,507200,9.51
2015-10-27,11.49,11.90,11.24,11.90,788100,9.61
2015-10-26,11.16,11.76,11.14,11.50,608200,9.29
2015-10-23,11.33,11.41,11.05,11.22,442100,9.06
2015-10-22,10.80,11.37,10.80,11.10,298600,8.96
2015-10-21,10.81,11.07,10.64,10.95,572500,8.84
2015-10-20,10.91,11.18,10.76,10.82,300500,8.74
2015-10-19,10.70,11.09,10.68,10.92,301300,8.82
2015-10-16,10.96,10.96,10.75,10.75,396900,8.68
2015-10-15,11.04,11.22,10.75,10.97,327600,8.86
2015-10-14,10.75,11.33,10.62,11.04,2229800,8.91
2015-10-13,10.75,11.16,10.59,10.81,1308500,8.73
2015-10-12,10.83,10.83,10.83,10.83,000,8.74
2015-10-09,11.05,11.27,10.60,10.83,1006200,8.74
2015-10-08,10.89,11.36,10.81,11.13,452400,8.99
2015-10-07,10.89,11.08,10.80,10.90,385000,8.80
2015-10-06,11.17,11.39,10.79,10.90,291200,8.80
2015-10-05,11.36,11.45,10.99,11.16,8764400,9.01
2015-10-02,10.80,11.37,10.64,11.37,403100,9.18
2015-10-01,10.60,10.95,10.60,10.81,497900,8.73
2015-09-30,10.63,11.10,10.44,10.70,1079400,8.64
2015-09-29,10.74,10.75,10.53,10.55,217800,8.52
2015-09-28,10.59,10.78,10.46,10.67,524100,8.62
2015-09-25,10.74,10.75,10.53,10.66,838500,8.61
2015-09-24,10.36,10.85,10.20,10.56,523600,8.53
2015-09-23,10.62,10.74,10.55,10.55,373100,8.52
2015-09-22,10.50,10.76,10.45,10.65,529000,8.60
2015-09-21,10.78,10.90,10.63,10.63,271700,8.58
2015-09-18,11.15,11.18,10.75,10.86,632100,8.77
2015-09-17,11.23,11.42,10.94,11.23,497000,9.07
2015-09-16,10.91,11.49,10.91,11.25,611900,9.08
2015-09-15,10.81,11.06,10.74,10.83,324400,8.74
2015-09-14,10.60,11.06,10.60,10.89,678100,8.79
2015-09-11,10.42,10.81,10.31,10.60,8970700,8.56
2015-09-10,10.45,10.75,10.24,10.49,778600,8.47
2015-09-09,10.50,10.68,10.48,10.52,778500,8.49
2015-09-08,10.80,10.80,10.40,10.50,912300,8.48
2015-09-07,10.38,10.38,10.38,10.38,000,8.38
2015-09-04,10.00,10.38,9.95,10.38,916600,8.38
2015-09-03,10.06,10.19,9.87,10.02,737100,8.09
2015-09-02,10.00,10.04,9.84,9.96,744400,8.04
2015-09-01,9.92,10.07,9.84,9.93,857700,8.02
2015-08-31,10.28,10.28,9.98,10.10,944400,8.16
2015-08-28,10.42,10.54,10.22,10.35,694000,8.36
2015-08-27,10.60,10.72,10.45,10.57,594200,8.53
2015-08-26,10.43,10.64,10.38,10.50,703600,8.48
2015-08-25,10.44,10.65,10.33,10.50,884100,8.48
2015-08-24,10.00,10.47,9.76,10.35,807800,8.36
2015-08-21,10.66,10.66,10.37,10.40,1523200,8.40
2015-08-20,10.52,10.74,10.41,10.74,1660500,8.67
2015-08-19,10.51,10.62,10.50,10.52,423200,8.49
2015-08-18,10.46,10.90,10.35,10.58,577000,8.54
2015-08-17,10.45,10.62,10.45,10.50,365600,8.48
2015-08-14,10.68,10.80,10.40,10.53,563800,8.50
2015-08-13,10.51,10.89,10.47,10.67,591500,8.62
2015-08-12,10.89,10.94,10.47,10.60,1204600,8.56
2015-08-11,11.06,11.06,10.78,10.97,1464300,8.86
2015-08-10,10.29,10.66,10.26,10.53,730100,8.50
2015-08-07,10.82,10.97,10.27,10.39,1514500,8.39
2015-08-06,10.92,11.09,10.72,10.90,413500,8.80
2015-08-05,11.19,11.25,10.88,11.00,462800,8.88
2015-08-04,10.89,11.25,10.80,11.11,911300,8.97
2015-08-03,11.28,11.54,10.88,11.02,645300,8.90
2015-07-31,11.57,11.62,11.20,11.35,877000,9.16
2015-07-30,11.46,11.58,11.03,11.54,669700,9.32
2015-07-29,11.22,11.59,11.10,11.33,572000,9.15
2015-07-28,10.98,11.32,10.96,11.14,748500,9.00
2015-07-27,11.05,11.17,10.74,10.90,320500,8.80
2015-07-24,11.18,11.29,10.70,10.98,562300,8.87
2015-07-23,11.67,11.67,11.03,11.22,824100,9.06
2015-07-22,11.81,11.91,11.63,11.75,794700,9.49
2015-07-21,11.61,11.96,11.52,11.81,1379900,9.54
2015-07-20,11.28,11.60,11.22,11.60,635500,9.37
2015-07-17,11.30,11.49,11.10,11.30,433200,9.12
2015-07-16,11.21,11.31,11.10,11.25,1019500,9.08
2015-07-15,10.90,11.27,10.88,11.13,750500,8.99
2015-07-14,10.93,11.03,10.78,10.88,525900,8.79
2015-07-13,10.73,10.93,10.72,10.85,642300,8.76
2015-07-10,10.71,10.82,10.56,10.62,1105100,8.58
2015-07-09,10.45,10.45,10.45,10.45,000,8.44
2015-07-08,10.23,10.48,10.23,10.45,817300,8.44
2015-07-07,10.21,10.30,10.07,10.30,521400,8.32
2015-07-06,10.18,10.29,10.07,10.27,418100,8.29
2015-07-03,10.36,10.36,10.19,10.25,3955100,8.28
2015-07-02,10.25,10.37,10.15,10.30,1251400,8.32
2015-07-01,10.43,10.59,10.34,10.48,323000,8.46
2015-06-30,10.47,10.63,10.36,10.47,356000,8.45
2015-06-29,10.63,10.64,10.26,10.49,304700,8.47
2015-06-26,10.54,10.77,10.48,10.70,728900,8.64
2015-06-25,10.59,10.64,10.31,10.55,1308600,8.52
2015-06-24,10.63,10.80,10.51,10.65,374800,8.60
2015-06-23,10.69,10.80,10.51,10.57,670200,8.53
2015-06-22,10.72,10.77,10.49,10.62,297000,8.58
2015-06-19,10.74,10.90,10.62,10.65,627600,8.60
2015-06-18,10.75,10.87,10.55,10.82,380600,8.74
2015-06-17,10.68,10.80,10.46,10.68,691900,8.62
2015-06-16,10.58,10.78,10.44,10.71,1207000,8.65
2015-06-15,10.39,10.55,10.30,10.51,1309100,8.49
2015-06-12,10.48,10.48,10.30,10.46,982200,8.45
2015-06-11,10.69,10.69,10.35,10.40,980400,8.40
2015-06-10,10.56,10.68,10.43,10.60,473800,8.56
2015-06-09,10.62,10.65,10.40,10.41,612800,8.41
2015-06-08,10.50,10.69,10.40,10.62,334000,8.58
2015-06-05,10.48,10.66,10.35,10.49,384500,8.47
2015-06-04,10.60,10.60,10.60,10.60,000,8.56
2015-06-03,10.68,10.86,10.57,10.60,563100,8.56
2015-06-02,10.77,11.00,10.72,10.73,589600,8.66
2015-06-01,10.43,10.79,10.43,10.70,1005800,8.64
2015-05-29,10.73,10.83,10.48,10.55,979600,8.52
2015-05-28,10.81,10.90,10.65,10.80,509800,8.72
2015-05-27,10.89,10.97,10.55,10.92,526900,8.82
2015-05-26,10.73,10.88,10.64,10.75,360900,8.68
2015-05-25,10.95,11.06,10.70,10.88,221400,8.79
2015-05-22,10.97,11.02,10.75,10.91,296300,8.81
2015-05-21,10.86,10.96,10.79,10.90,294400,8.80
2015-05-20,11.02,11.15,10.90,10.90,411100,8.80
2015-05-19,10.95,11.05,10.85,11.05,857300,8.92
2015-05-18,11.05,11.19,10.82,10.95,315300,8.84
2015-05-15,10.89,11.20,10.88,11.05,371300,8.92
2015-05-14,10.96,11.01,10.80,10.97,417600,8.86
2015-05-13,10.71,10.93,10.70,10.82,303600,8.74
2015-05-12,10.76,11.14,10.72,10.80,563000,8.72
2015-05-11,11.01,11.04,10.76,10.85,335500,8.76
2015-05-08,10.95,11.10,10.78,10.97,195100,8.86
2015-05-07,11.12,11.12,10.75,10.80,314900,8.72
2015-05-06,10.87,11.12,10.65,11.00,811900,8.88
2015-05-05,10.50,10.87,10.34,10.87,665200,8.78
2015-05-04,10.49,10.81,10.38,10.65,754900,8.60
2015-05-01,10.51,10.51,10.51,10.51,000,8.31
2015-04-30,11.16,11.32,10.51,10.51,1633600,8.31
2015-04-29,11.50,11.55,11.23,11.28,674200,8.92
2015-04-28,11.63,11.67,11.40,11.67,1686500,9.22
2015-04-27,12.08,12.08,11.55,11.60,549900,9.17
2015-04-24,12.17,12.25,11.84,12.00,476800,9.49
2015-04-23,12.41,12.41,12.10,12.15,409000,9.60
2015-04-22,12.08,12.45,12.00,12.31,569700,9.73
2015-04-21,12.20,12.20,12.20,12.20,000,9.64
2015-04-20,11.89,12.20,11.89,12.20,273200,9.64
2015-04-17,11.91,12.11,11.91,12.02,554000,9.50
2015-04-16,11.86,12.24,11.66,12.07,739500,9.54
2015-04-15,12.05,12.18,12.00,12.00,428600,9.49
2015-04-14,12.33,12.48,12.05,12.11,362800,9.57
2015-04-13,12.11,12.31,11.98,12.20,1236900,9.64
2015-04-10,12.47,12.62,12.17,12.29,796000,9.71
2015-04-09,12.45,12.49,12.05,12.25,1036900,9.68
2015-04-08,13.00,13.00,12.56,12.56,660700,9.93
2015-04-07,13.17,13.21,12.60,12.78,872900,10.10
2015-04-06,13.13,13.44,13.02,13.18,917500,10.42
2015-04-03,13.13,13.13,13.13,13.13,000,10.38
2015-04-02,13.22,13.50,12.89,13.13,781100,10.38
2015-04-01,13.20,13.41,13.08,13.08,1294200,10.34
2015-03-31,13.20,13.33,12.97,13.07,808500,10.33
2015-03-30,13.19,13.32,12.97,13.25,758500,10.47
2015-03-27,14.02,14.02,13.25,13.25,1139300,10.47
2015-03-26,13.50,14.21,13.16,14.12,1651400,11.16
2015-03-25,13.02,13.76,12.66,13.75,38089400,10.87
2015-03-24,12.60,13.38,12.54,13.12,2334800,10.37
2015-03-23,12.10,12.65,12.05,12.65,14606400,10.00
2015-03-20,11.98,12.38,11.91,12.11,4036400,9.57
2015-03-19,11.90,11.97,11.67,11.90,3936800,9.41
2015-03-18,11.58,11.99,11.42,11.90,1314800,9.41
2015-03-17,11.35,11.80,11.35,11.58,2153200,9.15
2015-03-16,11.44,11.60,11.22,11.46,1561700,9.06
2015-03-13,11.21,11.46,11.20,11.45,3077500,9.05
2015-03-12,11.25,11.48,11.23,11.48,3336800,9.07
2015-03-11,11.39,11.39,11.15,11.15,2722700,8.81
2015-03-10,11.12,11.50,11.03,11.40,2882700,9.01
2015-03-09,11.21,11.22,11.09,11.22,1445900,8.87
2015-03-06,11.37,11.37,11.15,11.20,967100,8.85
2015-03-05,11.41,11.53,11.21,11.38,1696400,9.00
2015-03-04,11.11,11.50,11.11,11.40,1526200,9.01
2015-03-03,11.42,11.74,11.25,11.45,3280000,9.05
2015-03-02,11.51,11.68,11.25,11.45,864400,9.05
2015-02-27,11.69,11.82,11.50,11.59,2771600,9.16
2015-02-26,11.50,11.71,11.17,11.71,6473400,9.26
2015-02-25,10.41,10.75,10.32,10.69,1121400,8.45
2015-02-24,10.47,10.60,10.26,10.51,1166200,8.31
2015-02-23,10.30,10.61,10.30,10.39,893300,8.21
2015-02-20,10.43,10.52,10.24,10.45,1238200,8.26
2015-02-19,10.00,10.46,10.00,10.36,1302400,8.19
2015-02-18,9.78,10.27,9.69,10.00,1416100,7.90
2015-02-17,9.72,9.72,9.72,9.72,000,7.68
2015-02-16,9.72,9.72,9.72,9.72,000,7.68
2015-02-13,9.60,9.93,9.58,9.72,2691400,7.68
2015-02-12,9.80,9.94,9.66,9.68,1114400,7.65
2015-02-11,9.57,9.74,9.54,9.70,3356700,7.67
2015-02-10,9.46,9.72,9.46,9.68,1557400,7.65
2015-02-09,9.38,9.58,9.24,9.58,779000,7.57
2015-02-06,9.42,9.54,9.20,9.40,1946300,7.43
2015-02-05,9.34,9.56,9.34,9.49,831300,7.50
2015-02-04,9.45,9.52,9.28,9.42,843400,7.45
2015-02-03,9.31,9.46,9.27,9.36,850100,7.40
2015-02-02,9.00,9.37,8.95,9.30,2095500,7.35
2015-01-30,8.95,9.02,8.82,8.91,3445400,7.04
2015-01-29,9.25,9.25,8.96,9.00,3164500,7.11
2015-01-28,9.41,9.41,9.00,9.15,1472000,7.23
2015-01-27,9.50,9.54,9.00,9.30,1899100,7.35
2015-01-26,9.80,9.85,9.41,9.46,1189200,7.48
2015-01-23,10.24,10.30,9.79,9.90,754200,7.83
2015-01-22,10.24,10.30,9.92,10.07,782500,7.96
2015-01-21,9.96,10.17,9.78,10.13,1174400,8.01
2015-01-20,9.85,10.10,9.78,9.85,1072600,7.79
2015-01-19,10.27,10.39,9.70,9.75,857200,7.71
2015-01-16,10.25,10.43,10.21,10.23,1416100,8.09
2015-01-15,10.08,10.39,10.00,10.16,1379200,8.03
2015-01-14,9.82,10.04,9.76,10.01,974000,7.91
2015-01-13,9.99,10.06,9.81,9.91,3811900,7.83
2015-01-12,10.25,10.35,9.81,10.00,881100,7.90
2015-01-09,10.41,10.52,10.14,10.27,4780200,8.12
2015-01-08,10.32,10.54,10.13,10.39,730000,8.21
2015-01-07,10.30,10.39,10.13,10.21,3039200,8.07
2015-01-06,10.00,10.21,10.00,10.21,935400,8.07
2015-01-05,9.96,10.20,9.82,10.00,6510600,7.90
2015-01-02,10.18,10.26,9.77,10.12,1100600,8.00
2015-01-01,10.25,10.25,10.25,10.25,000,8.10
2014-12-31,10.25,10.25,10.25,10.25,000,8.10
2014-12-30,10.30,10.35,10.17,10.25,608400,8.10
2014-12-29,10.13,10.37,10.08,10.35,854600,8.18
2014-12-26,10.43,10.51,10.17,10.25,2075600,8.10
2014-12-25,10.44,10.44,10.44,10.44,000,8.25
2014-12-24,10.44,10.44,10.44,10.44,000,8.25
2014-12-23,10.51,10.82,10.26,10.44,1746800,8.25
2014-12-22,10.16,10.66,10.13,10.61,1092700,8.39
2014-12-19,10.04,10.39,10.03,10.10,1693600,7.98
2014-12-18,10.11,10.45,10.11,10.20,2175400,8.06
2014-12-17,9.79,10.26,9.61,10.10,2647900,7.98
2014-12-16,9.73,9.90,9.39,9.73,2704900,7.69
2014-12-15,9.98,10.13,9.78,9.90,2586000,7.83
2014-12-12,9.94,10.12,9.86,10.03,1962200,7.93
2014-12-11,10.05,10.16,9.76,10.10,1359800,7.98
2014-12-10,10.07,10.21,9.81,10.00,1190900,7.90
2014-12-09,9.79,10.25,9.74,10.14,1694200,8.02
2014-12-08,10.15,10.29,9.74,9.90,4589700,7.83
2014-12-05,10.05,10.21,9.87,10.19,1338000,8.05
2014-12-04,10.33,10.33,9.87,10.00,1421900,7.90
2014-12-03,10.57,10.63,10.11,10.28,5186400,8.13
2014-12-02,10.51,10.58,10.33,10.46,35574100,8.27
2014-12-01,10.59,10.77,10.32,10.43,74126200,8.24
2014-11-28,10.86,11.11,10.76,10.91,2939300,8.62
2014-11-27,10.70,11.17,10.70,10.90,1547200,8.62
2014-11-26,11.00,11.09,10.66,10.66,2832200,8.43
2014-11-25,10.96,11.31,10.84,10.90,18049900,8.62
2014-11-24,11.09,11.14,10.69,10.98,4033000,8.68
2014-11-21,10.49,11.05,10.42,10.95,4776000,8.66
2014-11-20,10.43,10.43,10.43,10.43,000,8.24
2014-11-19,10.81,10.87,10.23,10.43,4257200,8.24
2014-11-18,10.44,10.84,10.44,10.72,1543200,8.47
2014-11-17,10.57,10.64,10.35,10.46,2945700,8.27
2014-11-14,10.41,10.59,10.26,10.56,1814300,8.35
2014-11-13,10.98,11.07,10.47,10.57,1792500,8.35
2014-11-12,10.84,11.05,10.74,11.00,6449100,8.69
2014-11-11,10.91,11.08,10.63,10.84,2135700,8.57
2014-11-10,11.20,11.28,10.90,10.97,3278500,8.67
2014-11-07,11.38,11.41,11.02,11.20,3321500,8.85
2014-11-06,11.92,12.16,11.42,11.62,1399900,9.18
2014-11-05,12.10,12.23,12.00,12.05,1471200,9.52
2014-11-04,12.15,12.34,11.96,12.10,1532900,9.56
2014-11-03,12.65,12.65,12.00,12.19,1189400,9.64
2014-10-31,12.25,12.77,12.11,12.52,1280700,9.90
2014-10-30,11.75,12.51,11.71,12.30,1407600,9.72
2014-10-29,11.74,11.94,11.56,11.75,1756000,9.29
2014-10-28,11.42,11.88,11.39,11.86,1646800,9.37
2014-10-27,11.21,11.21,11.21,11.21,11719900,8.86
2014-10-24,11.63,12.49,11.52,12.49,2295200,9.87
2014-10-23,11.68,11.87,11.31,11.75,3701200,9.29
2014-10-22,11.70,12.04,11.65,11.82,8930800,9.34
2014-10-21,11.69,11.69,11.69,11.69,4517600,9.24
2014-10-20,12.18,12.18,12.18,12.18,1866300,9.63
2014-10-17,12.29,12.69,12.06,12.51,1832500,9.89
2014-10-16,12.25,12.58,11.93,12.16,2916200,9.61
2014-10-15,12.81,12.91,12.11,12.77,2214700,10.09
2014-10-14,13.20,13.20,12.75,13.04,1048700,10.31
2014-10-13,12.95,13.44,12.79,13.16,2222400,10.40
2014-10-10,12.46,12.46,12.46,12.46,1109100,9.85
2014-10-09,13.32,13.38,12.93,13.15,957600,10.39
2014-10-08,13.28,13.36,12.87,13.07,1012900,10.33
2014-10-07,13.59,13.59,13.01,13.11,1117200,10.36
2014-10-06,12.85,13.71,12.82,13.27,2298800,10.49
2014-10-03,12.31,12.51,12.11,12.42,1391000,9.82
2014-10-02,12.42,12.51,12.14,12.30,1795400,9.72
2014-10-01,12.80,12.80,12.25,12.55,2340500,9.92
2014-09-30,12.65,13.01,12.56,13.00,1828200,10.28
2014-09-29,13.00,13.35,12.75,12.85,1990200,10.16
2014-09-26,12.90,13.43,12.83,13.39,1009700,10.58
2014-09-25,13.20,13.40,12.83,12.90,1685100,10.20
2014-09-24,13.50,13.54,13.25,13.35,3883800,10.55
2014-09-23,13.47,13.65,13.27,13.64,1782000,10.78
2014-09-22,13.91,13.91,13.50,13.60,1276600,10.75
2014-09-19,13.54,14.14,13.54,14.10,2163800,11.15
2014-09-18,14.07,14.18,13.46,13.72,1642600,10.84
2014-09-17,14.08,14.50,14.08,14.19,949900,11.22
2014-09-16,13.99,14.46,13.83,14.08,897500,11.13
2014-09-15,13.81,13.94,13.61,13.94,696000,11.02
2014-09-12,14.06,14.12,13.63,13.74,941300,10.86
2014-09-11,14.00,14.34,14.00,14.26,1703000,11.27
2014-09-10,14.05,14.20,13.73,13.97,2535800,11.04
2014-09-09,14.23,14.47,14.11,14.20,2133800,11.22
2014-09-08,15.10,15.23,14.31,14.54,3700600,11.49
2014-09-05,15.34,15.34,15.00,15.00,592000,11.86
2014-09-04,15.22,15.46,15.15,15.19,3097800,12.01
2014-09-03,15.49,15.56,15.01,15.38,1255400,12.16
2014-09-02,15.58,15.58,14.99,15.49,3416400,12.24
2014-09-01,15.05,15.35,14.95,15.20,1049200,12.01
2014-08-29,15.11,15.11,14.90,14.99,1818900,11.85
2014-08-28,14.89,15.14,14.85,14.96,1425400,11.83
2014-08-27,15.00,15.20,14.93,15.00,2098100,11.86
2014-08-26,14.85,15.03,14.68,15.00,2269000,11.86
2014-08-25,14.65,14.79,14.55,14.78,1069600,11.68
2014-08-22,14.32,14.75,14.30,14.50,1155300,11.46
2014-08-21,14.55,14.75,14.32,14.35,1940100,11.34
2014-08-20,14.70,14.80,14.44,14.50,1772500,11.46
2014-08-19,14.36,14.71,14.26,14.53,1366600,11.49
2014-08-18,14.18,14.38,14.10,14.36,778100,11.35
2014-08-15,13.94,14.27,13.89,14.11,921300,11.15
2014-08-14,13.71,13.97,13.70,13.80,516000,10.91
2014-08-13,14.09,14.23,13.72,13.83,1453800,10.93
2014-08-12,14.13,14.14,13.86,14.00,582200,11.07
2014-08-11,13.90,14.18,13.86,14.03,539600,11.09
2014-08-08,13.84,13.98,13.71,13.90,720700,10.99
2014-08-07,13.81,14.13,13.81,13.95,483500,11.03
2014-08-06,14.07,14.17,13.70,13.87,489300,10.96
2014-08-05,13.94,14.32,13.85,13.95,1730600,11.03
2014-08-04,14.11,14.25,13.69,14.00,1389400,11.07
2014-08-01,14.06,14.12,13.84,13.89,930700,10.98
2014-07-31,14.16,14.16,13.80,14.03,1218200,11.09
2014-07-30,14.11,14.38,14.01,14.30,672400,11.30
2014-07-29,14.53,14.57,14.02,14.14,549900,11.18
2014-07-28,14.69,14.80,14.47,14.55,1000100,11.50
2014-07-25,14.60,14.72,14.50,14.59,371600,11.53
2014-07-24,14.68,14.80,14.55,14.68,1694000,11.60
2014-07-23,15.28,15.28,14.62,14.68,1943600,11.60
2014-07-22,14.48,15.50,14.37,15.38,5382900,12.16
2014-07-21,14.32,14.56,14.17,14.45,1350500,11.42
2014-07-18,14.20,14.75,14.19,14.33,5307400,11.33
2014-07-17,13.72,14.08,13.69,13.95,7031800,11.03
2014-07-16,13.84,13.84,13.63,13.78,1447900,10.89
2014-07-15,13.80,13.85,13.68,13.72,939900,10.84
2014-07-14,13.52,13.86,13.50,13.80,5354500,10.91
2014-07-11,13.30,13.50,13.30,13.44,779500,10.62
2014-07-10,13.35,13.48,13.25,13.28,1625900,10.50
2014-07-09,13.30,13.30,13.30,13.30,000,10.51
2014-07-08,13.30,13.40,13.26,13.30,1849300,10.51
2014-07-07,13.30,13.44,13.26,13.30,1436200,10.51
2014-07-04,13.31,13.39,13.26,13.39,208100,10.58
2014-07-03,13.36,13.45,13.21,13.30,1167500,10.51
2014-07-02,13.38,13.38,13.17,13.36,6494700,10.56
2014-07-01,13.40,13.40,13.26,13.35,2215200,10.55
2014-06-30,13.24,13.36,13.15,13.31,2440600,10.52
2014-06-27,13.29,13.29,13.11,13.25,1617200,10.47
2014-06-26,13.38,13.43,13.20,13.30,698700,10.51
2014-06-25,13.30,13.48,13.28,13.30,1662500,10.51
2014-06-24,13.23,13.54,13.23,13.30,1860900,10.51
2014-06-23,13.31,13.38,13.29,13.29,1434600,10.50
2014-06-20,13.15,13.36,13.11,13.31,1755200,10.52
2014-06-19,13.22,13.22,13.22,13.22,000,10.45
2014-06-18,13.06,13.29,13.03,13.22,1838800,10.45
2014-06-17,12.82,13.24,12.82,13.03,3660400,10.30
2014-06-16,13.03,13.38,12.68,12.83,3063600,10.14
2014-06-13,19.32,19.70,18.85,18.85,8825200,11.20
2014-06-12,18.90,18.90,18.90,18.90,000,11.23
2014-06-11,18.98,19.30,18.63,18.90,3153400,11.23
2014-06-10,18.34,18.87,18.33,18.74,1448800,11.14
2014-06-09,17.99,18.38,17.99,18.34,1082700,10.90
2014-06-06,18.21,18.42,18.00,18.00,1242000,10.70
2014-06-05,17.88,17.94,17.62,17.74,644100,10.54
2014-06-04,17.84,17.99,17.68,17.78,495100,10.57
2014-06-03,17.88,18.03,17.73,17.88,559000,10.63
2014-06-02,17.87,17.87,17.87,17.87,624400,10.62
2014-05-30,18.07,18.24,17.48,17.84,3560800,10.60
2014-05-29,18.23,18.49,18.18,18.26,996100,10.85
2014-05-28,17.88,18.35,17.81,18.09,719200,10.75
2014-05-27,18.32,18.37,17.85,17.86,827700,10.62
2014-05-26,18.32,18.47,18.12,18.20,430500,10.82
2014-05-23,17.96,18.22,17.85,18.20,6691200,10.82
2014-05-22,17.86,18.08,17.72,18.03,1685300,10.72
2014-05-21,18.00,18.00,17.61,17.85,1393100,10.61
2014-05-20,17.16,18.10,17.15,17.85,3329600,10.61
2014-05-19,17.26,17.33,16.95,17.16,1278400,10.20
2014-05-16,17.76,17.91,17.24,17.29,1134500,10.28
2014-05-15,17.80,17.86,17.31,17.69,1531700,10.52
2014-05-14,17.84,17.88,17.60,17.88,1128500,10.63
2014-05-13,17.93,17.98,17.64,17.75,630200,10.55
2014-05-12,18.02,18.17,17.90,17.95,824900,10.67
2014-05-09,18.23,18.23,17.85,17.95,1546200,10.67
2014-05-08,17.96,18.28,17.70,18.26,2147200,10.85
2014-05-07,17.54,17.94,17.41,17.84,2424300,10.60
2014-05-06,17.79,17.86,16.97,17.51,3290400,10.41
2014-05-05,17.93,18.15,17.76,17.95,808600,10.67
2014-05-02,17.27,17.98,16.95,17.82,2239600,10.59
2014-05-01,17.87,17.87,17.87,17.87,000,10.30
2014-04-30,17.96,18.12,17.72,17.87,2855700,10.30
2014-04-29,17.84,18.38,17.72,18.01,1787100,10.38
2014-04-28,17.85,17.95,17.60,17.73,1189900,10.22
2014-04-25,18.12,18.36,17.82,17.90,948700,10.32
2014-04-24,17.81,18.43,17.81,18.32,764000,10.56
2014-04-23,18.18,18.37,17.86,17.99,6838400,10.37
2014-04-22,18.34,18.69,18.10,18.28,988400,10.54
2014-04-21,18.21,18.21,18.21,18.21,000,10.50
2014-04-18,18.21,18.21,18.21,18.21,000,10.50
2014-04-17,18.28,18.40,18.08,18.21,1229300,10.50
2014-04-16,18.11,18.30,17.79,18.20,1073300,10.49
2014-04-15,18.15,18.49,17.83,18.06,1468800,10.41
2014-04-14,18.35,18.57,18.10,18.35,1580200,10.58
2014-04-11,18.21,18.54,18.18,18.50,1217800,10.67
2014-04-10,18.18,18.60,18.16,18.40,1151100,10.61
2014-04-09,18.60,18.64,18.15,18.30,2062900,10.55
2014-04-08,19.00,19.36,18.60,18.73,2024400,10.80
2014-04-07,18.95,19.00,18.59,18.75,2066700,10.81
2014-04-04,18.97,18.97,18.40,18.50,1496200,10.67
2014-04-03,18.72,18.96,18.17,18.47,1943900,10.65
2014-04-02,18.61,18.99,18.60,18.86,2171400,10.87
2014-04-01,18.65,18.75,18.42,18.60,1166500,10.72
2014-03-31,18.33,18.65,18.25,18.63,1762800,10.74
2014-03-28,18.00,18.42,17.85,18.20,1431200,10.49
2014-03-27,17.44,18.20,17.42,17.90,2120100,10.32
2014-03-26,17.60,17.79,17.26,17.38,1538500,10.02
2014-03-25,17.56,17.68,17.24,17.47,1075400,10.07
2014-03-24,17.38,17.56,16.91,17.38,1217100,10.02
2014-03-21,16.97,17.57,16.97,17.25,2718900,9.95
2014-03-20,16.76,17.33,16.76,17.15,1983600,9.89
2014-03-19,16.73,17.23,16.60,16.94,1705500,9.77
2014-03-18,16.40,16.71,16.37,16.65,1179400,9.60
2014-03-17,16.50,16.60,16.34,16.50,704700,9.51
2014-03-14,16.59,16.65,16.10,16.50,2226200,9.51
2014-03-13,16.70,16.70,16.21,16.50,1213200,9.51
2014-03-12,16.29,16.60,16.29,16.57,1135000,9.55
2014-03-11,16.56,16.56,16.25,16.41,2441200,9.46
2014-03-10,16.20,16.55,16.17,16.50,3479300,9.51
2014-03-07,17.03,17.11,16.43,16.48,4177500,9.50
2014-03-06,16.97,17.70,16.81,17.16,5110200,9.89
2014-03-05,16.79,17.26,16.79,17.05,1273200,9.83
2014-03-04,17.00,17.00,17.00,17.00,000,9.80
2014-03-03,17.00,17.00,17.00,17.00,000,9.80
2014-02-28,16.74,17.00,16.55,17.00,5284100,9.80
2014-02-27,16.38,16.90,16.26,16.63,5551700,9.59
2014-02-26,16.69,16.82,16.15,16.25,1993400,9.37
2014-02-25,16.90,16.97,16.43,16.55,1995500,9.54
2014-02-24,16.75,17.18,16.40,17.04,1866000,9.82
2014-02-21,16.57,17.27,16.29,16.75,2302000,9.66
2014-02-20,16.43,16.70,16.11,16.57,1356800,9.55
2014-02-19,15.78,16.68,15.78,16.56,21133800,9.55
2014-02-18,16.50,16.63,15.75,15.83,3408700,9.13
2014-02-17,17.00,17.42,16.72,16.80,3411300,9.69
2014-02-14,17.19,17.30,16.67,17.00,1756100,9.80
2014-02-13,17.03,17.10,16.57,17.08,2306200,9.85
2014-02-12,17.63,17.74,16.93,17.17,1502900,9.90
2014-02-11,16.68,17.82,16.61,17.77,2221200,10.25
2014-02-10,16.65,16.80,16.51,16.56,955700,9.55
2014-02-07,16.68,16.96,16.41,16.78,872900,9.67
2014-02-06,16.51,17.17,16.38,16.55,1147400,9.54
2014-02-05,16.29,16.68,16.13,16.38,1600100,9.44
2014-02-04,16.31,16.95,16.18,16.45,1579000,9.48
2014-02-03,16.84,16.97,16.31,16.38,2214400,9.44
2014-01-31,17.05,17.24,16.71,16.92,1260200,9.76
2014-01-30,17.07,17.55,17.00,17.16,1419900,9.89
2014-01-29,17.15,17.45,16.89,17.20,1008000,9.92
2014-01-28,17.45,17.74,17.13,17.31,1151300,9.98
2014-01-27,17.22,17.47,17.07,17.37,1901900,10.02
2014-01-24,17.47,17.60,17.12,17.22,1232300,9.93
2014-01-23,17.92,18.04,17.57,17.60,11123000,10.15
2014-01-22,18.26,18.28,17.92,17.99,1430300,10.37
2014-01-21,18.13,18.49,17.91,18.17,1554900,10.48
2014-01-20,18.00,18.17,17.87,18.17,793700,10.48
2014-01-17,18.10,18.20,17.68,18.10,1291400,10.44
2014-01-16,18.06,18.15,17.94,18.10,1176900,10.44
2014-01-15,18.19,18.19,17.95,18.00,1224100,10.38
2014-01-14,17.71,18.25,17.71,18.05,1397200,10.41
2014-01-13,17.45,17.93,17.45,17.85,2369700,10.29
2014-01-10,17.37,17.58,17.05,17.54,2378700,10.11
2014-01-09,17.91,17.91,17.27,17.46,2763900,10.07
2014-01-08,17.60,18.11,17.50,18.04,1193500,10.40
2014-01-07,17.80,17.96,17.50,17.58,1836300,10.14
2014-01-06,18.01,18.15,17.77,17.86,3541200,10.30
2014-01-03,18.15,18.49,17.66,18.20,2500500,10.49
2014-01-02,18.60,18.80,18.08,18.18,1459700,10.48
2014-01-01,18.60,18.60,18.60,18.60,000,10.72
2013-12-31,18.60,18.60,18.60,18.60,000,10.72
2013-12-30,18.53,18.90,18.48,18.60,1824100,10.72
2013-12-27,18.39,18.58,18.15,18.53,4683700,10.68
2013-12-26,18.44,18.60,18.29,18.34,1068000,10.57
2013-12-25,18.45,18.45,18.45,18.45,000,10.64
2013-12-24,18.45,18.45,18.45,18.45,000,10.64
2013-12-23,18.17,18.49,18.07,18.45,1674600,10.64
2013-12-20,18.22,18.23,17.91,18.17,2103700,10.48
2013-12-19,18.06,18.25,17.93,18.05,5135600,10.41
2013-12-18,17.86,18.41,17.65,18.06,11918600,10.41
2013-12-17,17.79,17.99,17.69,17.82,1711100,10.27
2013-12-16,17.97,18.20,17.72,17.80,3449500,10.26
2013-12-13,18.33,18.33,17.92,17.92,2656000,10.33
2013-12-12,18.32,18.44,18.10,18.25,2675100,10.52
2013-12-11,18.64,18.74,18.32,18.35,2941800,10.58
2013-12-10,18.51,19.06,18.42,18.52,3719600,10.68
2013-12-09,17.97,18.76,17.87,17.98,2741300,10.37
2013-12-06,18.25,18.27,17.73,17.94,3352100,10.34
2013-12-05,18.57,18.74,17.98,18.14,2406200,10.46
2013-12-04,18.57,18.74,18.41,18.41,2030300,10.61
2013-12-03,18.90,19.08,18.44,18.60,2956400,10.72
2013-12-02,19.06,19.49,18.86,19.05,3293100,10.98
2013-11-29,19.34,19.38,19.10,19.25,2114600,11.10
2013-11-28,19.25,19.61,19.04,19.25,2459900,11.10
2013-11-27,19.12,19.36,18.84,19.14,1700400,11.04
2013-11-26,19.03,19.17,18.71,19.00,1193100,10.95
2013-11-25,19.40,19.40,18.95,19.18,4275700,11.06
2013-11-22,19.20,19.40,18.64,19.35,3442100,11.16
2013-11-21,18.81,19.67,18.39,19.33,8598300,11.15
2013-11-20,17.97,17.97,17.97,17.97,000,10.36
2013-11-19,18.35,18.36,17.59,17.97,2166300,10.36
2013-11-18,18.95,19.08,18.35,18.50,3767000,10.67
2013-11-15,18.92,18.92,18.92,18.92,000,10.91
2013-11-14,18.59,19.04,18.39,18.92,4151400,10.91
2013-11-13,18.07,18.55,17.58,18.49,2544400,10.66
2013-11-12,17.80,18.22,17.70,17.99,4003100,10.37
2013-11-11,17.12,17.85,16.92,17.85,2783700,10.29
2013-11-08,17.37,17.58,16.88,16.95,2663600,9.77
2013-11-07,17.30,17.48,17.01,17.40,2397400,10.03
2013-11-06,18.08,18.08,17.16,17.35,6008200,10.00
2013-11-05,18.99,18.99,17.96,18.00,6063600,10.38
2013-11-04,18.80,18.90,18.44,18.85,2377700,10.87
2013-11-01,19.20,19.26,18.55,18.70,2564600,10.78
2013-10-31,18.80,19.12,18.71,19.00,1653600,10.95
2013-10-30,18.80,18.95,18.69,18.80,1195800,10.84
2013-10-29,18.76,18.81,18.60,18.72,1367700,10.79
2013-10-28,18.51,18.82,18.41,18.79,903600,10.83
2013-10-25,18.64,18.74,18.30,18.40,974100,10.61
2013-10-24,19.06,19.06,18.45,18.69,1279300,10.78
2013-10-23,19.18,19.30,18.80,18.92,1420300,10.91
2013-10-22,19.03,19.33,18.88,19.25,1700000,11.10
2013-10-21,19.35,19.36,18.85,18.92,1075900,10.91
2013-10-18,19.45,19.45,18.97,19.20,4746300,11.07
2013-10-17,18.62,19.56,18.56,19.44,5128200,11.21
2013-10-16,18.62,18.87,18.19,18.80,5207400,10.84
2013-10-15,18.74,18.79,18.40,18.40,3198900,10.61
2013-10-14,18.79,18.82,18.46,18.75,2172300,10.81
2013-10-11,18.91,19.08,18.60,18.80,2572000,10.84
2013-10-10,19.21,19.46,18.80,18.90,1831100,10.90
2013-10-09,19.19,19.24,18.74,19.00,2182800,10.95
2013-10-08,19.24,19.48,19.08,19.19,10389400,11.06
2013-10-07,19.44,19.53,18.96,19.16,1144500,11.05
2013-10-04,19.40,19.73,19.20,19.45,1451300,11.21
2013-10-03,19.57,19.61,19.26,19.40,1980900,11.19
2013-10-02,19.68,19.80,19.52,19.57,1731700,11.28
2013-10-01,20.02,20.02,19.53,19.80,1306500,11.42
2013-09-30,19.78,20.15,19.40,19.70,1245300,11.36
2013-09-27,19.78,20.15,19.70,19.95,857900,11.50
2013-09-26,20.06,20.25,19.77,19.78,1706100,11.40
2013-09-25,19.73,20.00,19.51,19.99,1226400,11.53
2013-09-24,20.46,20.60,19.55,19.94,1186400,11.50
2013-09-23,20.46,20.60,19.55,20.05,1167200,11.56
2013-09-20,20.46,20.60,19.78,19.90,1489200,11.47
2013-09-19,20.05,20.97,20.05,20.62,3271800,11.89
2013-09-18,19.25,20.10,19.19,20.10,2995000,11.59
2013-09-17,19.15,19.48,19.09,19.38,2379300,11.17
2013-09-16,19.05,19.47,19.00,19.22,1912300,11.08
2013-09-13,19.04,19.20,18.75,18.85,1291600,10.87
2013-09-12,18.80,19.14,18.76,19.05,2242100,10.98
2013-09-11,18.87,18.98,18.42,18.80,3221000,10.84
2013-09-10,18.80,19.40,18.80,18.88,5419600,10.89
2013-09-09,18.12,18.81,18.12,18.70,2924100,10.78
2013-09-06,18.14,18.36,18.05,18.30,2691000,10.55
2013-09-05,18.05,18.14,17.95,18.00,5040100,10.38
2013-09-04,18.28,18.28,17.90,18.16,4699000,10.47
2013-09-03,18.61,18.68,18.14,18.30,1482700,10.55
2013-09-02,18.36,18.95,18.28,18.75,1881100,10.81
2013-08-30,17.62,18.21,17.60,18.18,4012400,10.48
2013-08-29,17.62,18.00,17.60,18.00,1041800,10.38
2013-08-28,17.57,17.88,17.55,17.67,1402600,10.19
2013-08-27,17.66,17.79,17.57,17.69,2233900,10.20
2013-08-26,18.15,18.19,17.64,17.80,2336300,10.26
2013-08-23,17.86,18.22,17.81,18.06,3903900,10.41
2013-08-22,17.80,18.11,17.75,18.00,2315000,10.38
2013-08-21,17.86,18.12,17.52,17.90,2299100,10.32
2013-08-20,18.20,18.20,17.89,17.95,3111800,10.35
2013-08-19,18.65,18.75,18.20,18.23,2235400,10.51
2013-08-16,18.70,18.89,18.63,18.80,3922700,10.84
2013-08-15,19.08,19.19,18.72,18.87,1984300,10.88
2013-08-14,19.01,19.47,18.96,19.33,3248700,11.15
2013-08-13,19.14,19.30,18.99,19.10,1951800,11.01
2013-08-12,19.19,19.36,18.90,19.00,1859300,10.95
2013-08-09,18.92,19.19,18.83,19.03,2195400,10.97
2013-08-08,18.52,19.14,18.37,18.80,2420200,10.84
2013-08-07,18.36,18.69,18.26,18.52,1471800,10.68
2013-08-06,18.80,18.89,18.21,18.51,2979300,10.67
2013-08-05,18.85,19.12,18.79,19.09,891200,11.01
2013-08-02,19.10,19.22,18.94,19.00,933600,10.95
2013-08-01,19.05,19.33,18.93,19.15,2996000,11.04
2013-07-31,18.66,19.08,18.53,18.90,1072300,10.90
2013-07-30,19.41,19.41,18.94,19.13,1838700,11.03
2013-07-29,19.50,19.61,19.07,19.23,2240300,11.09
2013-07-25,19.60,19.60,19.03,19.10,1700300,11.01
2013-07-24,19.75,19.88,19.55,19.60,1258000,11.30
2013-07-23,19.80,19.97,19.52,19.52,1377800,11.25
2013-07-22,19.69,19.98,19.54,19.60,1446000,11.30
2013-07-19,19.47,19.69,19.28,19.60,1615000,11.30
2013-07-18,19.41,19.88,19.35,19.65,1939400,11.33
2013-07-17,19.77,19.93,19.50,19.65,1779100,11.33
2013-07-16,20.15,20.19,19.44,19.60,1637100,11.30
2013-07-15,19.05,20.05,18.80,20.00,2377100,11.53
2013-07-12,19.05,19.46,18.94,19.10,1625300,11.01
2013-07-11,18.41,19.29,18.41,19.05,1415200,10.98
2013-07-10,18.47,18.64,18.11,18.27,2157100,10.53
2013-07-09,18.36,18.36,18.36,18.36,000,10.59
2013-07-08,17.76,18.36,17.59,18.36,4327300,10.59
2013-07-05,17.94,18.21,17.51,17.90,2801200,10.32
2013-07-04,18.10,18.50,18.00,18.05,910100,10.41
2013-07-03,17.86,18.11,17.68,18.00,1485500,10.38
2013-07-02,18.64,18.93,17.97,18.00,2785700,10.38
2013-07-01,19.25,19.37,18.52,18.90,2691100,10.90
2013-06-28,19.25,19.37,18.52,19.00,2904700,10.95
2013-06-27,18.75,19.30,18.69,19.10,2121600,11.01
2013-06-26,18.52,19.15,18.05,18.86,3296800,10.87
2013-06-25,17.53,18.55,17.53,18.51,2392000,10.67
2013-06-24,17.55,17.74,17.24,17.60,2777700,10.15
2013-06-21,17.20,18.26,17.18,18.00,6602400,10.38
2013-06-20,17.36,17.39,16.25,17.34,5326200,10.00
2013-06-19,18.79,18.80,17.54,17.60,2675600,10.15
2013-06-18,18.75,18.95,18.49,18.64,1430600,10.75
2013-06-17,18.95,19.28,18.61,18.90,1793200,10.90
2013-06-14,18.55,19.16,18.50,18.96,13481400,10.93
2013-06-13,17.99,18.79,17.82,18.60,4164300,10.72
2013-06-12,18.45,18.54,17.69,17.99,3682000,10.37
2013-06-11,18.99,18.99,18.09,18.28,5696800,10.54
2013-06-10,19.84,19.95,19.18,19.34,1391500,11.15
2013-06-07,20.12,20.23,19.80,19.87,2906300,11.46
2013-06-06,20.00,20.30,19.89,20.25,2198100,11.68
2013-06-05,20.90,20.91,19.76,19.94,3254300,11.50
2013-06-04,20.48,20.75,20.31,20.70,1665400,11.94
2013-06-03,21.25,21.25,20.21,20.41,1895200,11.77
2013-05-31,21.70,21.83,20.60,21.01,3313000,12.11
2013-05-30,21.90,21.90,21.90,21.90,000,12.63
2013-05-29,22.01,22.16,21.60,21.90,1162500,12.63
2013-05-28,22.25,22.55,22.06,22.17,1673400,12.78
2013-05-27,21.94,22.18,21.91,22.13,547000,12.76
2013-05-24,22.18,22.18,21.58,21.92,1133100,12.64
2013-05-23,22.10,22.35,21.90,22.10,1891100,12.74
2013-05-22,21.99,22.40,21.82,22.24,2324300,12.82
2013-05-21,22.05,22.05,21.54,21.98,5798400,12.67
2013-05-20,21.86,22.12,21.64,21.95,1133800,12.66
2013-05-17,21.86,22.10,21.69,21.94,1453200,12.65
2013-05-16,21.51,21.90,21.47,21.80,1850500,12.57
2013-05-15,20.99,21.54,20.99,21.48,2406900,12.38
2013-05-14,21.00,21.29,20.85,21.04,4001200,12.13
2013-05-13,21.15,21.16,20.83,20.99,1432000,12.10
2013-05-10,21.29,21.44,20.95,21.15,1622600,12.19
2013-05-09,21.38,21.45,21.17,21.40,2027400,12.34
2013-05-08,21.59,21.67,21.15,21.38,2442200,12.33
2013-05-07,21.51,21.91,21.26,21.47,3137000,12.38
2013-05-06,21.10,21.52,20.97,21.50,4665600,12.40
2013-05-03,21.79,21.92,21.19,21.20,6287600,12.22
2013-05-02,21.98,21.98,21.32,21.58,2436100,12.44
2013-05-01,22.34,22.34,22.34,22.34,000,12.58
2013-04-30,22.82,22.82,21.98,22.34,3628000,12.58
2013-04-29,22.57,22.73,22.08,22.56,1122100,12.71
2013-04-25,22.27,22.70,21.80,22.50,1749000,12.67
2013-04-24,22.36,22.40,21.96,22.00,1873200,12.39
2013-04-23,22.30,22.39,22.01,22.16,1574500,12.48
2013-04-22,22.31,22.38,21.94,22.29,1079400,12.56
2013-04-19,22.05,22.08,21.75,22.00,2768700,12.39
2013-04-18,21.85,22.55,21.55,21.80,3374800,12.28
2013-04-17,21.59,21.80,21.19,21.75,1570700,12.25
2013-04-16,20.95,21.73,20.91,21.60,1731600,12.17
2013-04-15,21.33,21.53,20.72,20.95,1343800,11.80
2013-04-12,22.20,22.20,21.04,21.34,1711900,12.02
2013-04-11,22.52,22.60,21.68,21.88,1544000,12.33
2013-04-10,21.97,22.58,21.90,22.40,4420900,12.62
2013-04-09,22.00,22.04,21.62,21.90,1109600,12.34
2013-04-08,22.24,22.24,21.69,21.90,1870100,12.34
2013-04-05,22.00,22.13,21.14,21.90,4005900,12.34
2013-04-04,22.48,22.48,21.90,22.14,1777700,12.47
2013-04-03,22.26,22.60,21.94,22.30,2061800,12.56
2013-04-02,22.70,23.17,22.06,22.16,2148900,12.48
2013-04-01,22.70,23.13,22.53,22.90,2066900,12.90
2013-03-29,22.90,22.90,22.90,22.90,000,12.90
2013-03-28,22.90,22.90,22.90,22.90,000,12.90
2013-03-27,22.50,22.97,22.30,22.90,1042400,12.90
2013-03-26,22.81,23.05,22.33,22.45,1657600,12.65
2013-03-25,22.00,22.95,22.00,22.81,1724100,12.85
2013-03-22,22.62,23.00,21.80,22.00,2082400,12.39
2013-03-21,23.06,23.18,22.45,22.59,1284500,12.73
2013-03-20,23.41,23.76,22.90,23.00,1300100,12.96
2013-03-19,23.80,23.91,23.25,23.41,896800,13.19
2013-03-18,23.80,23.91,23.25,23.60,1369300,13.29
2013-03-15,24.83,24.83,23.70,23.75,2081000,13.38
2013-03-14,24.66,24.82,24.21,24.82,953800,13.98
2013-03-13,24.39,24.68,24.17,24.42,1253600,13.76
2013-03-12,23.75,24.57,23.75,24.40,1132200,13.74
2013-03-11,24.30,24.54,23.71,23.75,1438600,13.38
2013-03-08,24.85,24.91,24.19,24.25,1326400,13.66
2013-03-07,25.00,25.30,24.65,24.85,1191700,14.00
2013-03-06,24.80,25.03,24.44,24.70,1349100,13.91
2013-03-05,24.95,25.03,24.43,24.59,1437200,13.85
2013-03-04,24.75,24.78,24.48,24.60,1259600,13.86
2013-03-01,24.49,24.90,24.21,24.70,1524500,13.91
2013-02-28,23.75,24.93,23.75,24.60,1908900,13.86
2013-02-27,23.67,24.09,23.58,23.95,2049600,13.49
2013-02-26,24.00,24.00,23.56,23.60,1041700,13.29
2013-02-25,24.32,24.50,23.80,23.95,872400,13.49
2013-02-22,24.49,25.05,24.07,24.25,1994800,13.66
2013-02-21,23.72,24.59,23.72,24.57,1640300,13.84
2013-02-20,24.73,24.92,23.85,23.95,2428000,13.49
2013-02-19,25.10,25.64,24.51,24.73,1356800,13.93
2013-02-18,24.65,25.08,24.56,24.69,780800,13.91
2013-02-15,25.59,25.59,24.65,24.83,1879400,13.99
2013-02-14,25.26,25.72,25.20,25.45,1079400,14.34
2013-02-13,25.20,25.88,25.03,25.60,671700,14.42
2013-02-12,25.07,25.07,25.07,25.07,000,14.12
2013-02-11,25.07,25.07,25.07,25.07,000,14.12
2013-02-08,25.91,25.91,24.82,25.07,2809100,14.12
2013-02-07,26.38,26.42,25.61,25.61,1006000,14.43
2013-02-06,26.09,26.48,25.55,26.22,1115500,14.77
2013-02-05,26.10,26.47,25.87,26.08,870100,14.69
2013-02-04,26.37,26.58,25.54,26.10,1319800,14.70
2013-02-01,25.95,26.59,25.75,26.37,1438300,14.85
2013-01-31,25.73,26.06,25.27,25.85,1684800,14.56
2013-01-30,26.49,26.50,25.62,25.75,1367700,14.51
2013-01-29,26.40,26.63,25.77,26.49,1125200,14.92
2013-01-28,26.59,26.69,26.25,26.50,1458200,14.93
2013-01-25,26.56,26.56,26.56,26.56,000,14.96
2013-01-24,26.33,26.84,26.22,26.56,1023600,14.96
2013-01-23,26.36,26.53,26.19,26.32,1110100,14.83
2013-01-22,26.93,26.98,26.38,26.80,624600,15.10
2013-01-21,26.99,26.99,26.70,26.80,624600,15.10
2013-01-18,27.00,27.09,26.31,27.00,576900,15.21
2013-01-17,26.66,27.00,26.66,26.90,2452500,15.15
2013-01-16,26.35,26.72,26.24,26.65,1011200,15.01
2013-01-15,26.74,27.00,26.01,26.25,1131700,14.79
2013-01-14,26.74,27.00,26.24,26.45,1696200,14.90
2013-01-11,26.45,26.76,26.39,26.70,1277500,15.04
2013-01-10,26.54,26.86,26.20,26.61,1907100,14.99
2013-01-09,25.76,26.43,25.75,26.35,879100,14.84
2013-01-08,25.85,26.10,25.60,25.75,681400,14.51
2013-01-07,25.79,26.15,25.55,25.70,846800,14.48
2013-01-04,25.54,25.84,25.50,25.71,1242000,14.48
2013-01-03,25.80,25.80,25.13,25.55,1390200,14.39
2013-01-02,25.50,25.82,24.99,25.80,999600,14.53
2013-01-01,25.50,25.50,25.50,25.50,000,14.36
2012-12-31,25.50,25.50,25.50,25.50,000,14.36
2012-12-28,25.90,25.90,24.96,25.50,1410000,14.36
2012-12-27,25.21,25.95,25.19,25.80,1238900,14.53
2012-12-26,25.38,25.78,25.15,25.36,642200,14.29
2012-12-25,25.60,25.60,25.60,25.60,000,14.42
2012-12-24,25.60,25.60,25.60,25.60,000,14.42
2012-12-21,25.19,25.70,24.95,25.60,1091500,14.42
2012-12-20,24.97,25.17,24.86,25.00,650700,14.08
2012-12-19,25.25,25.33,24.95,25.10,1607500,14.14
2012-12-18,25.27,25.28,24.82,25.19,1016600,14.19
2012-12-17,25.29,25.29,24.98,25.14,1371200,14.16
2012-12-14,24.82,25.22,24.70,25.19,1089900,14.19
2012-12-13,24.53,24.95,24.35,24.60,1081700,13.86
2012-12-12,25.25,25.47,24.85,24.95,1013500,14.05
2012-12-11,25.26,25.50,24.86,25.50,1763500,14.36
2012-12-10,25.25,25.30,24.86,25.25,726100,14.22
2012-12-07,25.10,25.36,24.98,25.25,1464500,14.22
2012-12-06,24.50,25.13,24.47,25.13,861500,14.16
2012-12-05,24.42,24.80,24.41,24.49,994700,13.80
2012-12-04,24.72,24.99,24.41,24.51,684100,13.81
2012-12-03,25.03,25.48,24.55,24.62,1550100,13.87
2012-11-30,24.97,25.28,24.39,25.20,2188100,14.20
2012-11-29,24.80,25.19,24.66,24.70,1458400,13.91
2012-11-28,25.24,25.24,24.70,24.80,958500,13.97
2012-11-27,25.57,25.75,25.10,25.15,857800,14.17
2012-11-26,25.45,25.80,25.24,25.48,1391200,14.35
2012-11-23,25.29,25.55,25.00,25.44,1211400,14.33
2012-11-22,24.98,25.35,24.85,25.29,436300,14.25
2012-11-21,25.18,25.19,24.77,25.00,1740800,14.08
2012-11-20,24.65,24.65,24.65,24.65,000,13.89
2012-11-19,24.55,24.98,24.52,24.65,869800,13.89
2012-11-16,24.99,24.99,24.44,24.80,834900,13.97
2012-11-15,24.81,24.81,24.81,24.81,000,13.98
2012-11-14,25.29,25.44,24.55,24.81,1033700,13.98
2012-11-13,24.11,25.30,24.05,25.30,1734300,14.25
2012-11-12,24.91,24.91,24.07,24.11,876500,13.58
2012-11-09,25.15,25.15,24.54,24.85,1462500,14.00
2012-11-08,25.28,25.39,24.78,24.90,1539000,14.03
2012-11-07,26.05,26.24,24.89,25.19,2034700,14.19
2012-11-06,26.43,26.54,25.60,25.65,1568000,14.45
2012-11-05,26.14,26.45,25.96,26.45,1160100,14.90
2012-11-02,26.15,26.15,26.15,26.15,000,14.73
2012-11-01,26.40,26.71,25.91,26.15,1374100,14.73
2012-10-31,26.50,26.60,26.02,26.60,1079200,14.98
2012-10-30,26.28,26.50,25.94,26.46,513900,14.91
2012-10-29,26.20,26.30,25.60,26.28,994500,14.80
2012-10-26,26.20,26.49,25.75,26.00,976000,14.65
2012-10-25,26.11,26.53,25.81,26.11,1485200,14.71
2012-10-24,27.13,27.70,25.82,26.14,1348700,14.73
2012-10-23,27.98,27.98,27.15,27.41,1124500,15.44
2012-10-22,27.69,28.05,27.43,27.99,1207500,15.77
2012-10-19,27.75,27.95,27.53,27.70,1295800,15.60
2012-10-18,27.64,27.83,27.21,27.75,726500,15.63
2012-10-17,27.56,27.84,27.33,27.67,919300,15.59
2012-10-16,27.32,27.94,27.32,27.50,1669600,15.49
2012-10-15,27.57,28.15,27.24,27.30,2010400,15.38
2012-10-12,27.57,27.57,27.57,27.57,000,15.53
2012-10-11,27.36,27.85,27.15,27.57,2530500,15.53
2012-10-10,27.25,25.92,26.99,27.15,1229400,15.29
2012-10-09,26.74,27.55,26.51,27.25,1681200,15.35
2012-10-08,26.59,27.02,26.20,26.75,1478300,15.07
2012-10-05,26.01,26.99,25.81,26.60,1077200,14.98
2012-10-04,26.30,26.39,25.89,25.89,2598300,14.58
2012-10-03,26.32,26.35,26.00,26.30,663800,14.82
2012-10-02,26.56,26.88,25.87,26.31,920400,14.82
2012-10-01,26.45,26.60,26.18,26.50,1475600,14.93
2012-09-28,25.91,26.64,25.61,26.45,2100700,14.90
2012-09-27,26.05,26.08,25.56,25.80,1438900,14.53
2012-09-26,25.75,26.01,25.09,25.80,4259100,14.53
2012-09-25,25.50,26.47,25.18,25.75,1479700,14.51
2012-09-24,24.72,25.50,24.55,25.50,1573600,14.36
2012-09-21,24.61,25.25,24.47,24.50,1287200,13.80
2012-09-20,24.20,24.84,24.10,24.75,833300,13.94
2012-09-19,24.65,24.97,24.25,24.25,870200,13.66
2012-09-18,24.25,24.89,24.17,24.70,1406600,13.91
2012-09-17,23.75,24.64,23.65,24.20,1476500,13.63
2012-09-14,24.98,25.05,23.40,23.75,3994900,13.38
2012-09-13,25.00,25.19,24.53,24.90,2300200,14.03
2012-09-12,24.89,25.20,24.82,24.95,2994400,14.05
2012-09-11,24.37,25.00,24.20,25.00,1229400,14.08
2012-09-10,24.20,24.20,24.20,24.20,000,13.63
2012-09-07,24.56,24.56,24.56,24.56,000,13.84
2012-09-06,24.53,24.84,24.26,24.56,873100,13.84
2012-09-05,24.80,24.90,24.14,24.38,532900,13.73
2012-09-04,25.17,25.20,24.20,24.60,776600,13.86
2012-09-03,24.50,25.26,24.48,25.04,1099200,14.11
2012-08-31,24.14,24.71,24.03,24.70,2041300,13.91
2012-08-30,23.62,24.64,23.53,24.25,1442000,13.66
2012-08-29,24.20,24.38,23.52,23.52,822700,13.25
2012-08-28,23.55,24.40,23.44,24.20,1457400,13.63
2012-08-27,23.50,23.76,23.30,23.43,494700,13.20
2012-08-24,23.38,23.71,22.90,23.67,380200,13.33
2012-08-23,23.61,23.64,22.84,23.40,743000,13.18
2012-08-22,23.36,23.82,23.28,23.75,415800,13.38
2012-08-21,23.40,23.64,23.22,23.56,740200,13.27
2012-08-20,23.40,23.71,23.30,23.30,488500,13.13
2012-08-17,23.18,23.54,23.07,23.54,523400,13.26
2012-08-16,23.00,23.37,22.86,23.00,674300,12.96
2012-08-15,22.95,23.09,22.72,22.85,601700,12.87
2012-08-14,22.93,23.29,22.73,22.95,1011900,12.93
2012-08-13,23.18,23.31,22.65,22.92,1143400,12.91
2012-08-10,23.50,23.50,23.07,23.15,843700,13.04
2012-08-09,23.51,23.80,23.09,23.09,650300,13.01
2012-08-08,23.98,23.98,23.11,23.50,1041800,13.24
2012-08-07,24.08,24.24,23.51,23.60,523000,13.29
2012-08-06,24.50,24.70,23.84,23.90,630200,13.46
2012-08-03,23.91,24.60,23.91,24.31,736000,13.69
2012-08-02,23.62,24.20,23.13,24.13,591400,13.59
2012-08-01,23.89,23.90,23.30,23.48,585900,13.23
2012-07-31,23.70,24.00,23.41,23.90,592300,13.46
2012-07-30,24.00,24.28,23.54,23.70,569200,13.35
2012-07-27,23.67,24.30,23.49,24.30,1136200,13.69
2012-07-26,23.49,23.60,23.20,23.45,613500,13.21
2012-07-25,22.55,23.65,22.21,23.65,1119800,13.32
2012-07-24,22.29,22.60,21.85,22.41,729200,12.62
2012-07-23,22.50,22.54,22.19,22.29,479500,12.56
2012-07-20,22.40,22.71,22.28,22.71,387200,12.79
2012-07-19,22.66,22.89,22.28,22.39,978900,12.61
2012-07-18,22.39,22.72,22.29,22.69,1133100,12.78
2012-07-17,22.31,22.44,22.23,22.30,537900,12.56
2012-07-16,22.34,22.51,22.12,22.35,1086500,12.59
2012-07-13,22.80,22.91,22.23,22.23,721900,12.52
2012-07-12,22.80,23.00,22.34,23.00,864100,12.96
2012-07-11,22.94,23.24,22.80,22.91,855400,12.91
2012-07-10,23.41,23.41,22.84,22.95,901000,12.93
2012-07-09,23.03,23.03,23.03,23.03,000,12.97
2012-07-06,23.20,23.35,22.91,23.03,513000,12.97
2012-07-05,23.45,23.67,23.16,23.16,761100,13.05
2012-07-04,23.32,23.74,23.06,23.44,405900,13.20
2012-07-03,23.02,23.78,22.77,23.50,1251000,13.24
2012-07-02,23.64,23.70,22.88,22.94,609700,12.92
2012-06-29,24.10,24.49,22.85,23.70,1338400,13.35
2012-06-28,23.34,23.45,22.81,23.42,949600,13.19
2012-06-27,22.82,23.63,22.82,23.13,808700,13.03
2012-06-26,22.28,23.15,22.28,23.00,791700,12.96
2012-06-25,22.96,22.96,22.17,22.23,414300,12.52
2012-06-22,23.00,23.10,22.52,22.89,473500,12.89
2012-06-21,23.77,24.00,22.90,22.90,694900,12.90
2012-06-20,23.90,24.20,23.66,23.98,825200,13.51
2012-06-19,24.08,24.20,23.77,23.90,963200,13.46
2012-06-18,23.07,24.00,22.92,24.00,939200,13.52
2012-06-15,23.00,23.39,22.77,22.95,2622900,12.93
2012-06-14,23.49,23.61,23.00,23.00,1172500,12.96
2012-06-13,23.56,23.61,22.92,23.40,1138600,13.18
2012-06-12,22.43,23.86,22.37,23.46,1159800,13.22
2012-06-11,22.47,22.86,22.24,22.58,1751800,12.72
2012-06-08,21.90,22.80,21.89,22.37,1598900,12.60
2012-06-07,21.90,21.90,21.90,21.90,000,12.34
2012-06-06,21.97,22.45,21.90,21.90,685000,12.34
2012-06-05,21.98,22.28,21.84,21.90,1335700,12.34
2012-06-04,22.48,22.74,21.88,21.90,664900,12.34
2012-06-01,22.69,22.83,21.69,22.50,1654000,12.67
2012-05-31,23.30,23.41,22.25,22.90,17525200,12.90
2012-05-30,23.41,23.68,22.79,23.00,1663500,12.96
2012-05-29,23.26,23.96,22.90,23.55,2093400,13.27
2012-05-28,22.70,23.27,22.40,23.27,344800,13.11
2012-05-25,21.85,22.78,21.53,22.50,815300,12.67
2012-05-24,22.22,22.40,21.44,21.84,2051700,12.30
2012-05-23,22.26,22.51,21.86,22.10,1050400,12.45
2012-05-22,22.32,22.60,22.31,22.50,1319000,12.67
2012-05-21,22.50,22.68,22.03,22.58,1196300,12.72
2012-05-18,22.93,22.93,22.22,22.60,2683500,12.73
2012-05-17,22.80,23.24,22.51,23.00,1586600,12.96
2012-05-16,23.75,24.03,22.53,22.80,1966900,12.84
2012-05-15,23.40,23.69,22.80,23.30,1020000,13.13
2012-05-14,23.56,23.80,23.18,23.41,757400,13.19
2012-05-11,23.36,23.75,23.34,23.65,477600,13.32
2012-05-10,23.32,23.81,23.30,23.30,541400,13.13
2012-05-09,23.79,24.04,23.30,23.30,1261100,13.13
2012-05-08,23.70,24.38,23.13,23.85,1284900,13.44
2012-05-07,23.83,23.99,23.35,23.70,1304400,13.35
2012-05-04,23.30,25.51,23.30,23.85,1855700,13.44
2012-05-03,23.60,23.87,23.34,23.60,605600,13.29
2012-05-02,23.45,23.85,23.13,23.60,774900,13.29
2012-05-01,23.65,23.65,23.65,23.65,000,13.21
2012-04-30,23.63,23.80,23.32,23.65,915800,13.21
2012-04-27,22.81,23.65,22.61,23.63,1137000,13.20
2012-04-26,22.48,23.42,22.12,22.98,842200,12.84
2012-04-25,22.09,22.77,21.95,22.51,1392400,12.58
2012-04-24,22.77,22.94,22.00,22.00,585800,12.29
2012-04-23,22.99,23.19,22.22,22.65,224600,12.65
2012-04-20,22.95,23.30,22.35,22.70,537300,12.68
2012-04-19,22.48,23.28,22.48,23.00,972300,12.85
2012-04-18,22.24,22.48,22.00,22.48,1070000,12.56
2012-04-17,22.60,22.77,21.93,22.12,813400,12.36
2012-04-16,22.44,22.92,22.34,22.48,435500,12.56
2012-04-13,22.51,22.90,22.27,22.44,520600,12.54
2012-04-12,23.00,23.00,22.37,22.85,848900,12.77
2012-04-11,23.30,23.30,22.30,22.80,16953000,12.74
2012-04-10,23.58,23.58,23.02,23.08,830200,12.90
2012-04-09,23.57,23.86,23.03,23.25,875200,12.99
2012-04-06,23.70,23.70,23.70,23.70,000,13.24
2012-04-05,23.71,24.04,23.63,23.70,1134800,13.24
2012-04-04,23.70,24.20,23.43,23.88,651700,13.34
2012-04-03,23.90,24.14,23.73,23.90,498500,13.35
2012-04-02,23.49,24.27,23.24,23.90,1143900,13.35
2012-03-30,23.50,23.83,23.10,23.44,2039000,13.10
2012-03-29,23.35,23.89,23.00,23.50,1224700,13.13
2012-03-28,23.49,23.56,23.08,23.36,898300,13.05
2012-03-27,24.19,24.50,23.35,23.35,566700,13.05
2012-03-26,23.41,24.00,23.40,24.00,327900,13.41
2012-03-23,23.88,23.89,23.34,23.50,639000,13.13
2012-03-22,23.69,24.37,23.39,23.83,920500,13.31
2012-03-21,23.08,23.89,23.06,23.81,1354300,13.30
2012-03-20,23.00,23.37,22.62,23.05,756100,12.88
2012-03-19,22.75,23.09,22.75,22.97,949400,12.83
2012-03-16,22.87,23.00,22.64,22.80,1185100,12.74
2012-03-15,22.70,23.25,22.62,22.91,855500,12.80
2012-03-14,23.10,23.10,22.53,22.80,878900,12.74
2012-03-13,22.74,23.30,22.51,23.00,1527800,12.85
2012-03-12,23.61,23.66,22.73,23.00,726900,12.85
2012-03-09,23.91,24.19,22.67,23.66,2020300,13.22
2012-03-08,23.06,24.35,23.06,23.75,2050600,13.27
2012-03-07,21.50,22.98,21.50,22.98,1733100,12.84
2012-03-06,21.72,22.04,21.27,21.50,873800,12.01
2012-03-05,22.44,22.50,21.44,21.84,1135600,12.20
2012-03-02,22.25,22.55,21.84,22.00,1601400,12.29
2012-03-01,22.08,22.75,22.00,22.15,1649600,12.38
2012-02-29,21.85,22.54,21.52,22.05,2140400,12.32
2012-02-28,20.63,22.39,20.63,21.85,3109900,12.21
2012-02-27,20.97,21.26,20.49,20.64,988600,11.53
2012-02-24,20.85,21.19,20.83,20.97,1686300,11.72
2012-02-23,20.64,20.96,20.62,20.82,687100,11.63
2012-02-22,20.90,21.00,20.51,20.69,1018500,11.56
2012-02-21,20.90,20.90,20.90,20.90,000,11.68
2012-02-20,20.90,20.90,20.90,20.90,000,11.68
2012-02-17,20.88,21.10,20.61,20.90,1469500,11.68
2012-02-16,20.11,20.88,20.02,20.85,1318000,11.65
2012-02-15,20.13,20.46,20.06,20.18,1307700,11.27
2012-02-14,19.59,20.21,19.42,19.93,568000,11.14
2012-02-13,20.33,20.45,19.39,19.60,1186500,10.95
2012-02-10,19.28,20.10,19.26,20.05,927300,11.20
2012-02-09,19.55,19.70,19.30,19.50,744400,10.89
2012-02-08,19.46,19.55,19.15,19.55,1002400,10.92
2012-02-07,19.28,19.40,18.94,19.40,631100,10.84
2012-02-06,19.45,19.52,19.12,19.30,370400,10.78
2012-02-03,19.48,19.88,19.27,19.40,703700,10.84
2012-02-02,19.08,19.71,18.95,19.65,928700,10.98
2012-02-01,19.09,19.63,18.84,19.18,2747000,10.72
2012-01-31,18.89,19.05,18.42,19.05,1375700,10.64
2012-01-30,18.83,18.85,18.35,18.85,818300,10.53
2012-01-27,18.88,18.97,18.81,18.85,301100,10.53
2012-01-26,18.87,18.96,18.35,18.96,2209100,10.59
2012-01-25,18.68,18.68,18.68,18.68,000,10.44
2012-01-24,18.47,18.81,18.41,18.68,565700,10.44
2012-01-23,18.47,18.72,18.32,18.57,809800,10.38
2012-01-20,18.30,18.63,18.05,18.50,485700,10.34
2012-01-19,18.30,18.48,18.21,18.26,569100,10.20
2012-01-18,18.29,18.31,18.00,18.31,508000,10.23
2012-01-17,18.48,18.48,18.00,18.19,616200,10.16
2012-01-16,17.49,18.42,17.49,18.42,1866600,10.29
2012-01-13,17.70,17.74,17.15,17.47,533700,9.76
2012-01-12,17.93,18.01,17.48,17.62,659400,9.84
2012-01-11,18.14,18.18,17.86,17.86,642800,9.98
2012-01-10,18.00,18.19,17.98,18.04,613500,10.08
2012-01-09,18.00,18.04,17.81,17.85,746300,9.97
2012-01-06,17.97,18.19,17.90,18.00,644300,10.06
2012-01-05,18.00,18.11,17.64,17.95,610300,10.03
2012-01-04,18.48,18.57,17.94,18.00,882600,10.06
2012-01-03,18.16,18.49,17.90,18.49,817800,10.33
2012-01-02,18.25,18.36,17.99,18.11,248100,10.12
2011-12-30,18.50,18.50,18.50,18.50,000,10.34
2011-12-29,17.74,18.50,17.54,18.50,505900,10.34
2011-12-28,17.84,17.84,17.45,17.78,233200,9.93
2011-12-27,17.80,18.00,17.60,17.97,209400,10.04
2011-12-26,17.85,18.00,17.57,17.70,106500,9.89
2011-12-23,17.79,18.00,17.32,18.00,538900,10.06
2011-12-22,17.99,18.10,17.44,17.80,813300,9.95
2011-12-21,17.95,18.05,17.77,17.98,447100,10.05
2011-12-20,17.80,17.99,17.68,17.95,372200,10.03
2011-12-19,17.95,18.21,17.67,17.80,319600,9.95
2011-12-16,17.99,17.99,17.71,17.95,1158200,10.03
2011-12-15,18.04,18.04,17.57,17.90,404000,10.00
2011-12-14,17.91,18.15,17.68,17.82,461300,9.96
2011-12-13,18.05,18.29,17.86,18.00,611000,10.06
2011-12-12,18.67,19.00,17.98,18.11,791400,10.12
2011-12-09,18.77,19.00,18.65,18.75,1293400,10.48
2011-12-08,18.75,19.17,18.67,18.90,2351000,10.56
2011-12-07,18.79,18.92,18.50,18.75,227700,10.48
2011-12-06,18.65,18.90,18.30,18.80,666400,10.50
2011-12-05,18.31,18.80,18.31,18.65,726200,10.42
2011-12-02,18.39,18.78,18.19,18.31,641600,10.23
2011-12-01,18.00,18.44,18.00,18.37,350700,10.26
2011-11-30,17.25,18.18,17.24,18.01,889500,10.06
2011-11-29,17.75,17.89,17.08,17.20,781700,9.61
2011-11-28,18.07,18.30,17.50,17.75,1331800,9.92
2011-11-25,18.13,18.15,17.80,17.95,332000,10.03
2011-11-24,18.44,18.79,17.83,18.14,563800,10.14
2011-11-23,18.33,18.73,18.30,18.45,1248100,10.31
2011-11-22,18.31,18.52,18.05,18.52,711700,10.35
2011-11-21,18.20,18.33,18.01,18.20,784700,10.17
2011-11-18,17.90,18.30,17.89,18.14,364100,10.14
2011-11-17,18.10,18.30,17.58,17.79,842700,9.94
2011-11-16,18.99,18.99,17.85,18.10,2396600,10.11
2011-11-14,18.99,19.00,18.47,18.90,555300,10.56
2011-11-11,18.47,19.09,18.39,18.75,363900,10.48
2011-11-10,18.36,18.58,18.24,18.33,310400,10.24
2011-11-09,18.68,18.71,18.40,18.40,307400,10.28
2011-11-08,18.68,18.85,18.44,18.70,550700,10.45
2011-11-07,18.65,18.91,18.28,18.69,866000,10.44
2011-11-04,18.79,18.85,18.20,18.56,3150600,10.37
2011-11-03,17.70,19.27,17.67,18.50,2777900,10.34
2011-11-01,17.10,18.60,16.81,17.70,1478900,9.89
2011-10-31,16.99,17.60,16.95,17.30,619500,9.67
2011-10-28,16.81,17.39,16.76,17.10,1254500,9.55
2011-10-27,17.31,17.50,16.67,16.86,2096000,9.42
2011-10-26,16.92,17.29,16.65,17.20,763800,9.61
2011-10-25,17.49,17.49,16.78,16.85,1140600,9.41
2011-10-24,17.65,17.76,17.31,17.52,630400,9.79
2011-10-21,17.72,18.07,17.57,17.66,668800,9.87
2011-10-20,17.93,17.93,17.51,17.64,376300,9.86
2011-10-19,17.80,17.99,17.58,17.85,716400,9.97
2011-10-18,17.27,17.80,16.61,17.80,367300,9.95
2011-10-17,17.79,17.85,17.34,17.50,529200,9.78
2011-10-14,17.55,17.95,17.31,17.80,631600,9.95
2011-10-13,17.58,17.85,17.39,17.58,1331900,9.82
2011-10-11,17.52,17.74,16.95,17.55,1355000,9.81
2011-10-10,17.61,18.80,17.39,17.80,666900,9.95
2011-10-07,17.13,17.79,17.13,17.63,526600,9.85
2011-10-06,16.60,17.15,16.60,17.13,601600,9.57
2011-10-05,16.72,16.84,16.27,16.59,596200,9.27
2011-10-04,16.60,16.87,16.25,16.51,877200,9.22
2011-10-03,16.86,17.16,16.36,16.61,538500,9.28
2011-09-30,17.25,17.29,16.88,17.08,1465700,9.54
2011-09-29,17.03,17.38,16.95,17.38,450300,9.71
2011-09-28,17.25,17.25,16.69,16.95,1311200,9.47
2011-09-27,17.60,17.96,17.00,17.01,856500,9.50
2011-09-26,17.80,17.98,17.32,17.50,515000,9.78
2011-09-23,17.37,17.75,17.10,17.74,1176400,9.91
2011-09-22,17.37,17.40,16.60,17.40,1023700,9.72
2011-09-21,18.32,18.59,17.55,17.55,1222700,9.81
2011-09-20,18.25,18.85,18.20,18.30,1097300,10.22
2011-09-19,18.07,18.34,17.69,18.25,465100,10.20
2011-09-16,17.42,18.23,17.42,18.15,7947200,10.14
2011-09-15,17.85,18.41,17.30,17.51,4353600,9.78
2011-09-14,17.99,17.99,17.02,17.25,1375800,9.64
2011-09-13,18.37,18.60,17.63,17.63,354200,9.85
2011-09-12,18.29,18.40,17.62,18.10,453200,10.11
2011-09-09,18.80,18.80,18.12,18.30,190200,10.22
2011-09-08,18.42,19.10,18.40,18.80,880700,10.50
2011-09-06,18.41,18.58,17.91,18.40,573300,10.28
2011-09-05,18.42,18.70,17.96,18.60,498800,10.39
2011-09-02,18.68,18.68,18.09,18.35,1038800,10.25
2011-09-01,17.94,18.79,17.67,18.30,1937500,10.22
2011-08-31,17.09,17.73,17.09,17.61,623300,9.84
2011-08-30,16.93,17.21,16.72,17.08,422800,9.54
2011-08-29,16.69,17.05,16.69,17.00,258700,9.50
2011-08-26,16.34,16.84,15.98,16.50,732700,9.22
2011-08-25,16.87,16.87,16.23,16.30,405500,9.11
2011-08-24,16.86,17.05,16.45,16.50,267800,9.22
2011-08-23,16.50,17.00,16.37,17.00,233400,9.50
2011-08-22,16.83,17.08,16.38,16.65,176900,9.30
2011-08-19,16.54,16.93,16.50,16.65,436300,9.30
2011-08-18,16.80,16.95,16.55,16.70,417800,9.33
2011-08-17,17.03,17.74,16.90,17.13,1405300,9.57
2011-08-16,16.94,17.38,16.89,17.28,693400,9.65
2011-08-15,17.07,17.14,16.74,17.14,563600,9.58
2011-08-12,16.34,16.91,16.28,16.90,529100,9.44
2011-08-11,16.10,16.43,15.56,16.33,1152100,9.12
2011-08-10,15.58,16.06,15.34,15.75,799900,8.80
2011-08-09,15.51,15.90,14.81,15.85,1074200,8.86
2011-08-08,15.80,16.01,14.51,15.50,1281800,8.66
2011-08-05,16.07,16.39,15.01,16.39,945700,9.16
2011-08-04,16.16,16.19,15.00,15.90,1381700,8.88
2011-08-03,17.05,17.05,15.88,16.35,1410100,9.13
2011-08-02,17.50,17.60,17.05,17.10,211200,9.55
2011-08-01,17.45,17.60,17.11,17.60,699900,9.83
2011-07-29,17.48,17.49,16.72,16.72,400,9.34
2011-07-28,17.24,17.35,17.00,17.30,554000,9.67
2011-07-27,17.12,17.15,16.89,17.15,382800,9.58
2011-07-26,17.25,17.47,17.11,17.15,429900,9.58
2011-07-25,17.40,17.40,17.15,17.15,100,9.58
2011-07-22,17.10,17.60,17.10,17.44,620000,9.74
2011-07-21,16.80,17.23,16.80,17.23,600900,9.63
2011-07-20,16.71,17.17,16.71,17.10,478100,9.55
2011-07-13,17.25,17.26,17.03,17.15,885900,9.58
2011-07-12,17.15,17.25,16.95,17.25,1526600,9.64
2011-07-11,17.08,17.25,17.00,17.25,215500,9.64
2011-07-08,17.20,17.35,17.00,17.25,1702100,9.64
2011-07-07,17.67,17.67,17.17,17.25,501500,9.64
2011-07-06,17.75,17.84,17.38,17.50,371600,9.78
2011-07-05,17.73,17.90,17.50,17.75,1013900,9.92
2011-07-04,17.50,17.75,17.41,17.74,1305600,9.91
2011-07-01,17.35,17.69,17.15,17.40,864100,9.72
2011-06-30,17.75,17.75,17.35,17.50,952900,9.78
2011-06-29,17.25,17.80,17.15,17.70,2531100,9.89
2011-06-28,17.50,17.50,16.99,17.15,1068500,9.58
2011-06-27,17.20,17.55,17.00,17.50,638300,9.78
2011-06-24,16.90,17.50,16.60,17.30,469500,9.67
2011-06-22,17.80,17.80,16.72,17.10,836700,9.55
2011-06-21,17.40,17.90,17.40,17.55,327900,9.81
2011-06-20,17.70,18.00,17.63,17.65,189000,9.86
2011-06-17,17.79,17.99,17.61,17.99,531400,10.05
2011-06-16,17.60,18.01,17.60,17.79,484700,9.94
2011-06-15,17.58,17.97,17.26,17.60,470600,9.83
2011-06-14,17.70,18.10,17.70,17.80,944500,9.95
2011-06-13,17.92,18.15,17.50,17.50,459100,9.78
2011-06-10,17.60,18.19,17.60,17.90,225900,10.00
2011-06-09,17.55,17.84,17.55,17.70,415400,9.89
2011-06-08,17.39,17.60,17.16,17.60,114700,9.83
2011-06-07,17.63,18.00,17.51,17.59,379600,9.83
2011-06-06,17.80,17.98,17.53,17.65,263200,9.86
2011-06-03,17.35,17.81,17.14,17.70,627800,9.89
2011-06-02,17.60,17.64,17.25,17.35,624400,9.69
2011-06-01,17.54,17.95,17.54,17.90,420100,10.00
2011-05-31,17.50,18.00,17.40,17.99,282900,10.05
2011-05-30,17.69,17.69,17.50,17.50,38800,9.78
2011-05-27,17.50,17.85,17.44,17.80,174200,9.95
2011-05-26,17.52,17.65,17.44,17.50,409700,9.78
2011-05-25,17.01,18.00,16.94,17.51,227700,9.78
2011-05-24,16.48,17.24,16.48,17.15,863300,9.58
2011-05-23,17.10,17.10,16.10,16.40,642100,9.16
2011-05-20,17.70,18.36,17.13,17.38,582300,9.71
2011-05-19,17.60,17.76,17.23,17.65,429400,9.86
2011-05-18,17.77,17.86,17.57,17.60,221100,9.83
2011-05-17,17.89,18.14,17.80,18.00,155300,10.06
2011-05-13,18.10,18.40,17.83,18.40,190700,10.28
2011-05-12,17.92,18.07,17.89,18.07,628700,10.10
2011-05-11,17.99,18.28,17.80,18.11,646400,10.12
2011-05-09,18.06,18.06,17.56,17.92,3400,10.01
2011-05-06,18.20,18.20,17.81,18.00,720000,10.06
2011-05-05,17.78,18.60,17.65,17.85,1308600,9.97
2011-05-04,17.93,18.39,17.57,17.70,286900,9.89
2011-05-03,18.89,18.89,17.94,18.25,249200,10.20
2011-05-02,18.80,18.90,18.05,18.65,1333600,10.42
2011-04-29,18.20,18.90,17.60,18.90,623500,10.56
2011-04-28,18.20,18.35,17.85,18.35,417400,10.25
2011-04-27,17.90,18.40,17.79,18.10,967300,10.11
2011-04-26,17.78,17.89,17.50,17.78,699600,9.93
2011-04-25,17.60,17.97,17.60,17.61,725700,9.78
2011-04-20,17.40,17.66,17.24,17.66,5649800,9.81
2011-04-19,17.24,17.31,17.10,17.19,168900,9.55
2011-04-18,17.35,17.35,16.95,17.01,1028200,9.45
2011-04-15,17.58,17.59,17.26,17.35,241800,9.63
2011-04-14,17.44,17.57,17.06,17.45,904500,9.69
2011-04-13,17.30,17.30,17.10,17.10,201800,9.50
2011-04-12,17.45,17.49,17.16,17.30,178500,9.61
2011-04-11,17.16,17.57,17.16,17.50,152600,9.72
2011-04-08,17.45,17.48,17.11,17.45,301900,9.69
2011-04-07,17.61,17.67,17.36,17.59,215600,9.77
2011-04-06,17.76,17.80,17.36,17.50,235700,9.72
2011-04-04,17.37,17.50,17.00,17.35,971600,9.63
2011-04-01,17.24,17.38,17.10,17.38,723100,9.65
2011-03-31,17.09,17.25,17.00,17.15,194200,9.52
2011-03-30,16.95,17.09,16.86,17.04,90700,9.46
2011-03-29,17.23,17.23,16.85,16.85,327100,9.36
2011-03-28,17.00,17.24,16.82,17.23,348400,9.57
2011-03-25,17.00,17.00,16.70,16.70,600,9.27
2011-03-24,16.82,17.00,16.42,16.69,400,9.27
2011-03-23,17.02,17.22,16.85,16.85,376000,9.36
2011-03-22,17.00,17.40,16.75,17.10,646400,9.50
2011-03-21,17.32,17.80,16.85,16.90,300,9.38
2011-03-18,17.49,17.49,16.90,17.11,754600,9.50
2011-03-17,17.59,17.59,16.74,17.00,350200,9.44
2011-03-16,17.70,17.70,16.83,17.28,418500,9.60
2011-03-15,17.01,17.80,16.71,17.65,790000,9.80
2011-03-14,17.50,17.67,17.02,17.50,571100,9.72
2011-03-11,17.00,17.50,16.73,17.50,1560500,9.72
2011-03-10,17.50,17.50,17.00,17.00,185500,9.44
2011-03-04,17.75,17.75,17.01,17.50,245500,9.72
2011-03-03,18.15,18.15,17.50,17.50,201700,9.72
2011-03-02,18.00,18.20,17.50,17.95,352700,9.97
2011-03-01,17.95,18.01,17.50,17.80,1202600,9.88
2011-02-28,17.04,18.00,16.85,17.70,1216400,9.83
2011-02-25,17.50,17.50,16.80,17.10,532600,9.50
2011-02-23,16.50,16.98,16.41,16.90,1089000,9.38
2011-02-22,16.99,17.00,16.35,16.50,635300,9.16
2011-02-21,16.76,16.99,16.58,16.99,100300,9.43
2011-02-18,16.90,17.39,16.87,17.10,122600,9.50
2011-02-17,16.84,17.04,16.21,17.00,1066700,9.44
2011-02-16,15.78,16.41,15.77,16.41,953800,9.11
2011-02-15,15.89,16.09,15.70,15.90,153500,8.83
2011-02-14,15.84,15.87,15.42,15.67,328400,8.70
2011-02-11,15.49,15.59,15.00,15.40,167000,8.55
2011-02-10,15.95,15.95,15.25,15.35,296800,8.52
2011-02-09,16.55,16.55,15.62,15.70,305400,8.72
2011-02-08,15.56,16.49,15.55,16.49,200,9.16
2011-02-07,16.55,16.55,15.50,16.00,127100,8.88
2011-02-04,17.00,17.00,15.90,16.10,230700,8.94
2011-02-03,17.50,17.50,15.43,16.62,300,9.23
2011-02-02,17.00,17.00,16.64,16.90,150100,9.38
2011-02-01,16.85,17.49,16.03,16.89,900,9.38
2011-01-31,16.90,16.90,16.21,16.77,832900,9.31
2011-01-28,17.03,17.03,16.51,16.90,263600,9.38
2011-01-27,17.22,17.35,16.60,17.06,353600,9.47
2011-01-26,18.50,18.50,17.10,17.22,755500,9.56
2011-01-24,18.60,18.64,17.98,18.23,101300,10.12
2011-01-21,18.60,18.60,18.23,18.25,336300,10.13
2011-01-20,18.90,18.90,18.26,18.35,431900,10.19
2011-01-19,18.65,18.97,18.36,18.69,292200,10.38
2011-01-18,18.50,19.00,18.16,18.89,631000,10.49
2011-01-17,18.75,18.75,18.23,18.49,63700,10.27
2011-01-14,18.26,18.65,18.26,18.65,141000,10.36
2011-01-13,18.65,18.65,18.25,18.30,207900,10.16
2011-01-12,18.51,18.75,18.03,18.59,255500,10.32
2011-01-11,18.67,18.75,18.40,18.72,670800,10.39
2011-01-10,18.60,18.65,18.35,18.65,377800,10.36
2011-01-07,18.41,18.59,18.10,18.59,1458000,10.32
2011-01-06,18.60,18.60,18.20,18.30,325100,10.16
2011-01-05,18.65,18.65,18.25,18.43,249000,10.23
2011-01-04,18.60,18.70,18.41,18.65,1236100,10.36
2011-01-03,18.21,18.92,18.21,18.60,394600,10.33
2010-12-30,18.00,18.49,18.00,18.16,701500,10.08
2010-12-29,17.71,17.90,17.58,17.70,98700,9.83
2010-12-28,17.58,17.60,17.20,17.58,517900,9.76
2010-12-27,17.98,17.98,16.87,17.49,81600,9.71
2010-12-23,17.80,17.97,17.50,17.50,272300,9.72
2010-12-22,18.29,18.30,17.30,17.50,412400,9.72
2010-12-21,18.00,18.50,18.00,18.00,602000,10.00
2010-12-20,18.39,18.40,17.86,18.00,514500,10.00
2010-12-17,17.98,18.14,17.55,17.95,268400,9.97
2010-12-16,18.27,18.40,17.39,17.39,289600,9.66
2010-12-15,18.30,18.40,17.91,18.10,417900,10.05
2010-12-14,18.23,18.25,17.86,18.25,451000,10.13
2010-12-13,18.40,18.54,18.01,18.23,324500,10.12
2010-12-10,18.29,18.29,17.60,18.27,263000,10.14
2010-12-09,18.00,18.45,17.80,18.00,376900,10.00
2010-12-08,18.50,18.55,17.96,18.00,1355800,10.00
2010-12-07,18.41,18.80,18.22,18.50,484900,10.27
2010-12-06,18.79,18.79,18.11,18.40,233100,10.22
2010-12-03,19.19,19.19,18.42,18.50,7337600,10.27
2010-12-02,19.10,19.19,18.65,18.80,321400,10.44
2010-12-01,19.00,19.45,19.00,19.10,860800,10.61
2010-11-30,18.33,19.50,18.33,19.50,1978700,10.83
2010-11-29,18.73,18.94,18.37,18.70,423500,10.38
2010-11-26,18.70,19.00,18.35,18.80,589300,10.44
2010-11-25,18.15,18.79,18.15,18.68,193700,10.37
2010-11-24,18.50,18.50,18.20,18.30,732600,10.16
2010-11-23,18.30,18.70,18.00,18.17,1115100,10.09
2010-11-22,17.99,18.57,17.99,18.30,439300,10.16
2010-11-19,17.35,17.94,17.34,17.90,813400,9.94
2010-11-18,17.84,17.85,17.39,17.40,874000,9.66
2010-11-17,17.50,17.51,17.29,17.45,189000,9.69
2010-11-16,17.70,17.70,17.10,17.30,152800,9.61
2010-11-12,17.25,17.65,17.25,17.49,187100,9.71
2010-11-11,17.70,17.80,17.16,17.50,2793800,9.72
2010-11-10,17.35,17.60,17.31,17.40,848200,9.66
2010-11-09,17.39,17.49,17.05,17.35,1122900,9.63
2010-11-08,17.25,17.33,17.05,17.10,321100,9.50
2010-11-05,17.15,17.25,16.95,17.00,1938000,9.44
2010-11-04,17.09,17.20,16.98,17.14,402400,9.52
2010-11-03,16.90,17.05,16.50,16.98,1083000,9.43
2010-11-01,16.54,17.12,16.50,16.55,1367200,9.19
2010-10-29,16.47,16.47,16.28,16.40,360800,9.11
2010-10-28,16.20,16.49,16.20,16.47,426800,9.15
2010-10-27,16.35,16.40,16.03,16.39,466600,9.10
2010-10-26,16.20,16.50,15.95,16.35,441700,9.08
2010-10-25,16.75,16.75,16.12,16.30,278600,9.05
2010-10-22,16.60,16.60,16.28,16.45,553700,9.13
2010-10-21,16.60,16.60,16.00,16.45,1905200,9.13
2010-10-20,16.70,16.70,16.30,16.57,91400,9.20
2010-10-19,16.92,17.00,16.50,16.50,944800,9.16
2010-10-18,16.95,17.10,16.72,17.10,277200,9.50
2010-10-15,17.20,17.20,16.20,16.90,529500,9.38
2010-10-14,17.15,17.22,16.60,16.80,296200,9.33
2010-10-13,16.95,17.40,16.79,17.15,583000,9.52
2010-10-11,16.92,16.92,16.50,16.65,594400,9.25
2010-10-08,16.80,16.80,16.17,16.50,350400,9.16
2010-10-07,16.11,16.54,16.11,16.48,322400,9.15
2010-10-06,16.38,16.50,15.99,16.44,364500,9.13
2010-10-05,16.59,16.59,16.21,16.35,812700,9.08
2010-10-04,16.53,16.92,16.22,16.39,349400,9.10
2010-10-01,16.30,16.41,16.05,16.20,514000,9.00
2010-09-30,15.79,16.30,15.70,16.30,1506400,9.05
2010-09-29,15.96,16.50,15.48,15.79,387200,8.77
2010-09-28,15.69,15.90,15.46,15.85,168300,8.80
2010-09-27,15.49,15.60,15.34,15.59,356900,8.66
2010-09-24,15.22,15.35,15.10,15.34,352400,8.52
2010-09-23,14.89,15.25,14.89,15.19,160400,8.43
2010-09-22,14.45,14.70,14.32,14.70,300,8.16
2010-09-21,14.40,14.68,14.33,14.54,332400,8.07
2010-09-20,14.35,14.36,14.35,14.36,12000,7.97
2010-09-17,13.82,14.20,13.65,14.05,6810200,7.80
2010-09-16,14.07,14.29,13.70,14.07,3443400,7.81
2010-09-15,13.96,14.45,13.94,14.25,425400,7.91
2010-09-14,14.49,14.49,14.00,14.13,444800,7.85
2010-09-13,14.28,14.30,13.45,14.20,330100,7.88
2010-09-10,14.37,14.37,13.87,14.05,354900,7.80
2010-09-09,13.81,14.49,13.81,14.34,100700,7.96
2010-09-08,13.99,14.10,13.85,14.10,101200,7.83
2010-09-06,13.87,14.10,13.50,13.94,46300,7.74
2010-09-03,13.80,13.89,13.77,13.89,204500,7.71
2010-09-02,14.00,14.00,13.75,13.99,243800,7.77
2010-09-01,13.69,14.35,13.69,14.00,500,7.77
2010-08-31,14.00,14.14,13.70,14.14,129700,7.85
2010-08-30,14.00,14.05,14.00,14.05,000,7.80
2010-08-27,14.00,14.21,13.95,14.00,131400,7.77
2010-08-26,14.00,14.03,13.90,14.00,367000,7.77
2010-08-25,14.18,14.20,14.10,14.20,451500,7.88
2010-08-24,14.19,14.20,14.10,14.20,19000,7.88
2010-08-23,14.25,14.25,13.85,14.25,30200,7.91
2010-08-20,13.74,14.29,13.70,14.25,678500,7.91
2010-08-19,13.70,13.98,13.70,13.75,36600,7.64
2010-08-18,13.80,13.80,13.41,13.65,575300,7.58
2010-08-17,13.79,13.81,13.60,13.79,130100,7.66
2010-08-16,13.84,13.85,13.61,13.80,63900,7.66
2010-08-13,14.15,14.30,13.80,13.95,117200,7.75
2010-08-12,13.70,14.00,13.70,13.80,540300,7.66
2010-08-11,13.64,13.74,13.64,13.70,135800,7.61
2010-08-10,13.79,13.79,13.50,13.70,209600,7.61
2010-08-09,14.08,14.08,13.56,13.79,208600,7.66
2010-08-06,13.84,13.87,13.51,13.82,200300,7.67
2010-08-05,14.04,14.04,13.84,13.84,49300,7.69
2010-08-04,13.70,13.71,13.56,13.70,105800,7.61
2010-08-03,14.10,14.10,13.55,13.70,39100,7.61
2010-08-02,13.98,14.29,13.82,14.00,128800,7.77
2010-07-30,13.79,14.18,13.79,14.00,132200,7.77
2010-07-29,13.95,14.20,13.85,13.95,200500,7.75
2010-07-28,13.70,14.00,13.56,13.95,673100,7.75
2010-07-27,13.30,13.89,13.30,13.75,47400,7.64
2010-07-26,13.11,13.60,13.00,13.53,75600,7.51
2010-07-23,12.80,13.39,12.76,13.39,134000,7.44
2010-07-22,12.90,12.90,12.70,12.79,80400,7.10
2010-07-21,12.88,12.93,12.65,12.85,27900,7.14
2010-07-20,13.08,13.14,12.91,13.00,101800,7.22
2010-07-19,12.94,13.11,12.90,13.08,147400,7.26
2010-07-16,12.80,12.94,12.71,12.75,29500,7.08
2010-07-15,12.95,12.97,12.70,12.95,53700,7.19
2010-07-14,12.73,12.89,12.70,12.85,38200,7.14
2010-07-13,12.85,12.90,12.75,12.80,238600,7.11
2010-07-12,12.70,12.90,12.70,12.80,100,7.11
2010-07-08,12.90,12.95,12.90,12.94,280700,7.19
2010-07-07,12.98,12.98,12.70,12.90,424000,7.16
2010-07-06,12.63,12.98,12.63,12.90,231100,7.16
2010-07-05,12.91,12.97,12.70,12.96,30900,7.20
2010-07-02,12.97,12.97,12.34,12.90,151900,7.16
2010-07-01,12.85,12.99,12.80,12.99,154000,7.21
2010-06-30,12.61,12.85,12.48,12.85,92800,7.14
2010-06-29,12.83,12.83,12.70,12.79,5200,7.10
2010-06-28,12.99,12.99,12.49,12.90,72000,7.16
2010-06-25,12.72,12.99,12.59,12.90,60100,7.16
2010-06-24,12.80,12.80,12.61,12.71,9100,7.06
2010-06-23,12.82,12.99,12.41,12.89,203500,7.16
2010-06-22,12.99,12.99,12.85,12.95,84800,7.19
2010-06-21,12.67,12.98,12.67,12.95,317200,7.19
2010-06-18,13.00,13.00,12.40,12.45,100,6.91
2010-06-17,12.37,12.40,12.25,12.35,378700,6.86
2010-06-16,12.25,12.54,12.14,12.40,373500,6.89
2010-06-15,11.60,12.29,11.55,12.29,395500,6.82
2010-06-14,11.50,11.65,11.40,11.60,747500,6.44
2010-06-11,11.22,11.52,11.21,11.52,114600,6.40
2010-06-10,11.40,11.50,11.02,11.40,16500,6.33
2010-06-09,11.04,11.49,11.04,11.49,9100,6.38
2010-06-08,11.35,11.60,11.10,11.37,358300,6.31
2010-06-07,11.40,11.65,11.20,11.40,40500,6.33
2010-06-04,11.50,11.83,11.00,11.35,18700,6.30
2010-06-02,11.49,11.50,11.10,11.44,139900,6.35
2010-06-01,11.50,11.50,11.01,11.01,31400,6.11
2010-05-31,11.60,11.70,11.60,11.60,10300,6.44
2010-05-28,11.50,11.70,11.01,11.70,70700,6.50
2010-05-27,10.40,11.70,10.40,11.70,555100,6.50
2010-05-26,10.70,11.00,10.70,10.70,642000,5.94
2010-05-25,10.49,10.90,10.11,10.88,267900,6.04
2010-05-24,10.75,11.00,10.70,10.90,163100,6.05
2010-05-21,10.45,11.00,10.45,10.61,104000,5.89
2010-05-20,11.00,11.30,10.25,10.60,1238100,5.89
2010-05-19,11.60,11.60,11.00,11.27,243800,6.26
2010-05-18,11.76,11.76,11.51,11.60,123300,6.44
2010-05-17,11.93,11.93,11.74,11.90,122600,6.61
2010-05-14,12.00,12.00,11.80,11.95,14400,6.64
2010-05-13,12.00,12.00,11.70,11.95,30100,6.64
2010-05-12,11.85,11.90,11.84,11.89,72400,6.60
2010-05-11,12.00,12.15,11.70,11.90,55500,6.61
2010-05-10,12.00,12.29,11.73,11.99,59300,6.66
2010-05-07,12.05,12.05,11.20,11.50,1115900,6.39
2010-05-06,12.29,12.29,11.95,12.10,17400,6.72
2010-05-05,12.30,12.30,11.82,12.15,123400,6.75
2010-05-04,12.30,12.30,12.00,12.30,350900,6.83
2010-05-03,12.79,12.80,12.03,12.80,100,7.11
2010-04-30,12.60,12.60,12.24,12.45,268600,6.91
2010-04-29,12.51,12.68,12.22,12.58,77400,6.99
2010-04-28,12.90,12.90,12.22,12.69,52200,7.05
2010-04-27,12.89,12.89,12.43,12.69,25200,7.05
2010-04-26,12.53,12.80,12.52,12.69,64700,7.05
2010-04-23,12.84,12.84,12.57,12.57,771900,6.97
2010-04-22,12.85,12.85,12.71,12.71,359500,7.04
2010-04-20,12.61,12.79,12.60,12.79,89400,7.09
2010-04-19,12.30,12.78,12.30,12.77,86400,7.08
2010-04-16,12.89,12.89,12.57,12.59,148600,6.98
2010-04-15,12.82,12.89,12.57,12.79,204200,7.09
2010-04-14,12.92,13.00,12.74,13.00,679800,7.20
2010-04-13,13.00,13.00,12.71,12.78,239500,7.08
2010-04-12,12.85,13.00,12.80,13.00,108200,7.20
2010-04-09,12.61,12.98,12.61,12.98,125900,7.19
2010-04-08,12.51,12.92,12.50,12.92,200,7.16
2010-04-07,12.98,13.00,12.80,12.95,48100,7.18
2010-04-06,12.95,12.99,12.80,12.95,1154100,7.18
2010-04-05,12.61,12.95,12.50,12.80,410800,7.09
2010-04-01,13.00,13.02,12.65,12.95,1943900,7.18
2010-03-31,13.00,13.05,12.86,12.92,147500,7.16
2010-03-30,13.00,13.05,12.95,12.99,448200,7.20
2010-03-29,13.10,13.11,12.93,12.95,417000,7.18
2010-03-26,13.21,13.35,13.00,13.00,609400,7.20
2010-03-25,12.90,13.30,12.90,13.09,458600,7.25
2010-03-24,12.83,12.98,12.76,12.94,651600,7.17
2010-03-23,12.98,13.07,12.80,12.95,1162700,7.18
2010-03-22,12.98,12.98,12.77,12.94,866100,7.17
2010-03-19,13.00,13.00,12.85,12.95,180100,7.18
2010-03-18,12.99,13.04,12.85,12.99,559500,7.20
2010-03-17,12.98,13.00,12.75,12.96,160100,7.18
2010-03-16,12.92,13.00,12.86,12.97,102700,7.19
2010-03-15,13.06,13.13,12.90,12.96,157500,7.18
2010-03-12,13.00,13.05,12.93,12.99,468700,7.20
2010-03-11,12.98,13.00,12.80,12.97,496800,7.19
2010-03-10,12.87,13.05,12.76,12.99,2767000,7.20
2010-03-09,12.70,12.96,12.56,12.85,775600,7.12
2010-03-08,12.99,12.99,12.55,12.70,3578900,7.04
